Workbook
Name Avearage_Current_Price: Analysis!$B$9
Name Price_Q1: Analysis!$B$2
Name Price_Q2: Analysis!$B$3
Name Price_Q3: Analysis!$B$3
Name Slicer_Discount: #N/A
Name Slicer_Discount_Category: #N/A
Name Slicer_Price_Category: #N/A
Name Slicer_Rating_Category: #N/A

Sheet Raw Data
A1: Product | B1: Current price | C1: old price | D1: Discount | E1: Review | F1: Ratingd
A2: 115 Piece Set Of Multifunctional Precision Screwdrivers | B2: KSh 950 | C2: KSh 1,525 | D2: 0.38 | E2: -2 | F2: 4.5 out of 5
A3: Metal Decorative Hooks Key Hangers Entryway Wall Hooks Towel Hooks - Home | B3: KSh 527 | C3: KSh 999 | D3: 0.47 | E3: -14 | F3: 4.1 out of 5
A4: Portable Mini Cordless Car Vacuum Cleaner - Blue | B4: KSh 2,199 | C4: KSh 2,923 | D4: 0.25 | E4: -24 | F4: 4.6 out of 5
A5: Weighing Scale Digital Bathroom Body Fat Scale USB-Black | B5: KSh 1,580 | C5: KSh 2,499 | D5: 0.37 | E5: -7 | F5: 4.7 out of 5
A6: Portable Home Small Air Humidifier 3-Speed Fan - Green | B6: KSh 1,740 | C6: KSh 2,356 | D6: 0.26 | E6: -5 | F6: 4.8 out of 5
A7: 220V 60W Electric Soldering Iron Kits With Tools, Tips, And Multimeter | B7: KSh 2,999 | C7: KSh 3,290 | D7: 0.09 | E7: -15 | F7: 4 out of 5
A8: 137 Pieces Cake Decorating Tool Set Baking Supplies | B8: KSh 2,319 | C8: KSh 3,032 | D8: 0.24 | E8: -55 | F8: 4.6 out of 5
A9: Desk Foldable Fan Adjustable Fan Strong Wind 3 Gear Usb | B9: KSh 988 | C9: KSh 1,580 | D9: 0.37 | E9: -2 | F9: 4 out of 5
A10: LASA FOLDING TABLE SERVING STAND | B10: KSh 1,274 | C10: KSh 2,800 | D10: 0.55 | E10: -5 | F10: 4.8 out of 5
A11: 13 In 1 Home Repair Tools Box Kit Set | B11: KSh 1,600 | C11: KSh 2,929 | D11: 0.45 | E11: -5 | F11: 3.8 out of 5
A12: Genebre 115 In 1 Screwdriver Repairing Tool Set For IPhone Cellphone Hand Tool | B12: KSh 799 | C12: KSh 999 | D12: 0.2 | E12: -12 | F12: 4.1 out of 5
A13: 100 Pcs Crochet Hook Tool Set Knitting Hook Set With Box | B13: KSh 990 | C13: KSh 1,500 | D13: 0.34 | E13: -39 | F13: 4.7 out of 5
... A22: 3PCS Single Head Knitting Crochet Sweater Needle Set | B22: KSh 38 | C22: KSh 80 | D22: 0.53 | E22: -13 | F22: 3.3 out of 5
A23: 4pcs Bathroom/Kitchen Towel Rack,Roll Paper Holder,Towel Bars,Hook | B23: KSh 1,860 | C23: KSh 3,220 | D23: 0.42
A24: LED Romantic Spaceship Starry Sky Projector,Children's Bedroom Night Light-Blue | B24: KSh 880 | C24: KSh 1,350 | D24: 0.35 | E24: -6 | F24: 4 out of 5
A25: Foldable Overbed Table/Desk | B25: KSh 1,650 | C25: KSh 2,150 | D25: 0.23 | E25: -14 | F25: 4.4 out of 5
A26: LASA 3 Tier Bamboo Shoe Bench Storage Shelf | B26: KSh 2,048 | C26: KSh 4,500 | D26: 0.54 | E26: -7 | F26: 4.3 out of 5
A27: Electronic Digital Display Vernier Caliper | B27: KSh 420 | C27: KSh 647 | D27: 0.35 | E27: -49 | F27: 4.6 out of 5
A28: Portable Wardrobe Nonwoven With 3 Hanging Rods And 6 Storage Shelves | B28: KSh 2,880 | C28: KSh 3,520 | D28: 0.18 | E28: -12 | F28: 3.8 out of 5
A29: 12 Litre Black Insulated Lunch Box | B29: KSh 1,350 | C29: KSh 1,990 | D29: 0.32 | E29: -13 | F29: 3.8 out of 5
A30: 52 Pieces Cake Decorating Tool Set Gift Kit Baking Supplies | B30: KSh 1,758 | C30: KSh 2,499 | D30: 0.3 | E30: -20 | F30: 4.1 out of 5
A31: MultiFunctional Storage Rack Multi-layer Bookshelf | B31: KSh 2,200 | C31: KSh 4,080 | D31: 0.46
A32: Exfoliate And Exfoliate Face Towel - Black | B32: KSh 185 | C32: KSh 382 | D32: 0.52 | E32: -9 | F32: 4.3 out of 5
A33: 12 Litre Insulated Lunch Box Grey | B33: KSh 980 | C33: KSh 1,490 | D33: 0.34 | E33: -12 | F33: 4.7 out of 5
A34: LED Eye Protection Desk Lamp , Study, Reading, USB Fan - Double Pen Holder | B34: KSh 1,820 | C34: KSh 3,490 | D34: 0.48 | E34: -9 | F34: 4.3 out of 5
A35: 53Pcs/Set Yarn Knitting Crochet Hooks With Bag - Fortune Cat | B35: KSh 1,940 | C35: KSh 2,650 | D35: 0.27 | E35: -20 | F35: 4.7 out of 5
A36: 53 Pieces/Set Yarn Knitting Crochet Hooks With Bag - Pansies | B36: KSh 1,980 | C36: KSh 2,699 | D36: 0.27 | E36: -32 | F36: 4.5 out of 5
A37: DIY File Folder, Office Drawer File Holder, Pen Holder, Desktop Storage Rack | B37: KSh 1,620 | C37: KSh 2,690 | D37: 0.4 | E37: -1 | F37: 5 out of 5
A38: Classic Black Cat Cotton Hemp Pillow Case For Home Car | B38: KSh 171 | C38: KSh 360 | D38: 0.53 | E38: -2 | F38: 5 out of 5
A39: Punch-free Great Load Bearing Bathroom Storage Rack Wall Shelf-White | B39: KSh 389 | C39: KSh 656 | D39: 0.41 | E39: -36 | F39: 4.3 out of 5
A40: 1/2/3 Seater Elastic Sofa Cover,Living Room/Home Decor Chair Cover-Grey | B40: KSh 1,620 - KSh 1,980 | C40: KSh 2,200 - KSh 3,200 | D40: 0.38 | E40: -2 | F40: 4.5 out of 5
A41: LASA Stainless Steel Double Wall Mount Soap Dispenser - 500ml | B41: KSh 2,750 | C41: KSh 4,471 | D41: 0.38
A42: 4M Float Switch Water Level Controller -Water Tank | B42: KSh 475 | C42: KSh 931 | D42: 0.49
A43: Modern Sofa Throw Pillow Cover-45x45cm-Blue&Red | B43: KSh 238 | C43: KSh 476 | D43: 0.5
A44: Balloon Insert, Birthday Party Balloon Set, PU Leather | B44: KSh 610 | C44: KSh 1,060 | D44: 0.42
A45: Balloon Insert, Birthday Party Balloon Set, PU Leather | B45: KSh 610 | C45: KSh 1,060 | D45: 0.42
A46: Shower Cap Wide Elastic Band Cover Reusable Bashroom Cap | B46: KSh 2,132 | C46: KSh 2,169 | D46: 0.02
A47: Christmas Elk Fence Yard Lawn Decorations Cute For Holidays | B47: KSh 999 | C47: KSh 2,000 | D47: 0.5
A48: 60W Hot Melt Glue Sprayer - Efficient And Stable Glue Dispensing | B48: KSh 1,190 | C48: KSh 1,785 | D48: 0.33
A49: Car Phone Charging Stand | B49: KSh 671 | C49: KSh 1,316 | D49: 0.49
A50: 2pcs Solar Street Light Flood Light Outdoor | B50: KSh 1,200 | C50: KSh 1,950 | D50: 0.38
A51: Creative Owl Shape Keychain Black | B51: KSh 199 | C51: KSh 504 | D51: 0.61
A52: Brush & Paintbrush Cleaning Tool Pink | B52: KSh 299 | C52: KSh 600 | D52: 0.5
... A61: Simple Metal Dog Art Sculpture Decoration For Home Office | B61: KSh 399 | C61: KSh 896 | D61: 0.55
A62: 5 Pieces/set Of Stainless Steel Induction Cooker Pots | B62: KSh 2,170 | C62: KSh 2,500 | D62: 0.13 | E62: -6 | F62: 2.5 out of 5
A63: Mythco 120COB Solar Wall Ligt With Motion Sensor And Remote Control 3 Modes | B63: KSh 458 | C63: KSh 986 | D63: 0.54 | E63: -10 | F63: 3 out of 5
A64: 5-PCS Stainless Steel Cooking Pot Set With Steamed Slices | B64: KSh 2,115 | C64: KSh 4,700 | D64: 0.55 | E64: -13 | F64: 2.1 out of 5
A65: 120W Cordless Vacuum Cleaners Handheld Electric Vacuum Cleaner | B65: KSh 445 | C65: KSh 873 | D65: 0.49 | E65: -69 | F65: 2.8 out of 5
A66: Intelligent LED Body Sensor Wireless Lighting Night Light USB | B66: KSh 325 | C66: KSh 680 | D66: 0.52 | E66: -15 | F66: 2.7 out of 5
A67: VIC Wireless Vacuum Cleaner Dual Use For Home And Car 120W High Power Powerful | B67: KSh 1,220 | C67: KSh 1,555 | D67: 0.22 | E67: -16 | F67: 2.9 out of 5
A68: Artificial Potted Flowers Room Decorative Flowers (2 Pieces) | B68: KSh 990 | C68: KSh 1,814 | D68: 0.45 | E68: -6 | F68: 2.2 out of 5
A69: 380ML USB Rechargeable Portable Small Blenders And Juicers | B69: KSh 1,000 | C69: KSh 2,000 | D69: 0.5 | E69: -7 | F69: 2.3 out of 5
A70: 32PCS Portable Cordless Drill Set With Cyclic Battery Drive -26 Variable Speed | B70: KSh 3,750 | C70: KSh 6,143 | D70: 0.39 | E70: -5 | F70: 3 out of 5
A71: Agapeon Toothbrush Holder And Toothpaste Dispenser | B71: KSh 382 | C71: KSh 700 | D71: 0.45 | E71: -17 | F71: 2.6 out of 5
A72: Large Lazy Inflatable Sofa Chairs PVC Lounger Seat Bag | B72: KSh 2,300 | C72: KSh 3,240 | D72: 0.29 | E72: -5 | F72: 3 out of 5
A73: Watercolour Gold Foil Textured Print Pillow Cover | B73: KSh 345 | C73: KSh 602 | D73: 0.43 | E73: -6 | F73: 2.3 out of 5
... A76: Electric LED UV Mosquito Killer Lamp, Outdoor/Indoor Fly Killer Trap Light -USB | B76: KSh 1,570 | C76: KSh 2,988 | D76: 0.47 | E76: -7 | F76: 2.1 out of 5
A77: 2PCS/LOT Solar LED Outdoor Intelligent Light Controlled Wall Lamp | B77: KSh 790 | C77: KSh 1,485 | D77: 0.47
A78: 3PCS Rotary Scraper Thermomix For Kitchen | B78: KSh 690 | C78: KSh 1,200 | D78: 0.43
A79: Cushion Silicone Butt Cushion Summer Ice Cushion Honeycomb Gel Cushion | B79: KSh 1,732 | C79: KSh 1,799 | D79: 0.04
A80: 7PCS Silicone Thumb Knife Finger Protector Vegetable Harvesting Knife | B80: KSh 230 | C80: KSh 450 | D80: 0.49
A81: Memory Foam Neck Pillow Cover, With Pillow Core - 50*30cm | B81: KSh 1,189 | C81: KSh 2,199 | D81: 0.46 | E81: -1 | F81: 3 out of 5
A82: Bedroom Simple Floor Hanging Clothes Rack Single Pole Hat Rack - White | B82: KSh 979 | C82: KSh 1,920 | D82: 0.49 | E82: -1 | F82: 5 out of 5
A83: 5m Waterproof Spherical LED String Lights Outdoor Ball Chain Lights Party Lighting Decoration Adjustable | B83: KSh 1,460 | C83: KSh 2,290 | D83: 0.36
A84: 2 Pairs Cowhide Split Leather Work Gloves.32â„‰ Or Above Welding Gloves | B84: KSh 1,666 | C84: KSh 1,699 | D84: 0.02
A85: Household Pineapple Peeler Peeler | B85: KSh 330 | C85: KSh 647 | D85: 0.49 | E85: -1 | F85: 4 out of 5
A86: Balloon Insert, Birthday Party Balloon Set, PU Leather | B86: KSh 610 | C86: KSh 1,060 | D86: 0.42
A87: Creative Owl Shape Keychain Black | B87: KSh 176 | C87: KSh 345 | D87: 0.49
A88: Office Chair Lumbar Back Support Spine Posture Correction Pillow Car Cushion | B88: KSh 1,466 | C88: KSh 1,699 | D88: 0.14
A89: Cartoon Car Decoration Cute Individuality For Car Home Desk | B89: KSh 274 | C89: KSh 537 | D89: 0.49
A90: Outdoor Portable Water Bottle With Medicine Box - 600ML - Black | B90: KSh 799 | C90: KSh 900 | D90: 0.11
A91: Angle Measuring Tool Full Metal Multi Angle Measuring Tool | B91: KSh 657 | C91: KSh 1,288 | D91: 0.49
A92: Wall-Mounted Toothbrush Toothpaste Holder With Multiple Slots | B92: KSh 1,468 | C92: KSh 1,699 | D92: 0.14
A93: Multifunctional Hanging Storage Box Storage Bag (4 Layers) | B93: KSh 630 | C93: KSh 1,100 | D93: 0.43
A94: Wall Clock With Hidden Safe Box | B94: KSh 850 | C94: KSh 1,700 | D94: 0.5
A95: Portable Wine Table With Folding Round Table | B95: KSh 1,300 | C95: KSh 2,500 | D95: 0.48
A96: Sewing Machine Needle Threader Stitch Insertion Tool Automatic Quick Sewing | B96: KSh 105 | C96: KSh 200 | D96: 0.48
A97: 6 Layers Steel Pipe Assembling Dustproof Storage Shoe Cabinet | B97: KSh 899 | C97: KSh 1,699 | D97: 0.47
... A105: 8in1 Screwdriver With LED Light | B105: KSh 1,080 | C105: KSh 1,874 | D105: 0.42
A106: Konka Healty Electric Kettle, 24-hour Heat Preservation,1.5L,800W, White | B106: KSh 3,640 | C106: KSh 4,588 | D106: 0.21 | E106: -1 | F106: 5 out of 5
A107: 9pcs Gas Mask, For Painting, Dust, Formaldehyde Grinding, Polishing | B107: KSh 1,420 | C107: KSh 2,420 | D107: 0.41
A108: 24 Grid Wall-mounted Sundries Organiser Fabric Closet Bag Storage Rack | B108: KSh 1,875 | C108: KSh 1,899 | D108: 0.01
A109: 1PC Refrigerator Food Seal Pocket Fridge Bags | B109: KSh 198 | C109: KSh 260 | D109: 0.24
A110: LED Solar Street Light-fake Camera | B110: KSh 1,150 | C110: KSh 1,737 | D110: 0.34
A111: Cartoon Embroidered Mini Towel Bear Cotton Wash Cloth Hand 4pcs | B111: KSh 1,190 | C111: KSh 1,810 | D111: 0.34
A112: Shower Nozzle Cleaning Unclogging Needle Mini Crevice Small Hole Cleaning Brush | B112: KSh 1,658 | C112: KSh 1,699 | D112: 0.02
A113: Thickening Multipurpose Non Stick Easy To Clean Heat Resistant Spoon Pad | B113: KSh 1,768 | C113: KSh 1,799 | D113: 0.02
A114: 6 In 1 Bottle Can Opener Multifunctional Easy Opener | B114: KSh 199 | C114: KSh 553 | D114: 0.64
A115: Wall-mounted Sticker Punch-free Plug Fixer | B115: KSh 450 | C115: KSh 900 | D115: 0.5 | E115: -1 | F115: 2 out of 5
A116: Black Simple Water Cup Wine Coaster Anti Slip Absorbent | B116: KSh 169 | C116: KSh 320 | D116: 0.47

Sheet Cleaned Data
A1: Product | B1: Current Price | C1: Old Price | D1: Price Category | E1: Discount Amount | F1: Discount | G1: Discount Category | H1: Review | I1: Rating | J1: Rating Category
A2: 115 Piece Set Of Multifunctional Precision Screwdrivers | B2: 950 | C2: 1525 | D2: =IF(tblProducts[[#This Row],[Current Price]]="","Missing",IF(tblProducts[[#This Row],[Current Price]]<Price_Q1,"Low Price",IF(tblProducts[[#This Row],[Current Price]]<Price_Q3,"Medium Price","High Price"))) -> Medium Price | E2: =tblProducts[[#This Row],[Old Price]]-tblProducts[[#This Row],[Current Price]] -> 575 | F2: 0.38 | G2: =IF(tblProducts[[#This Row],[Discount]]="","Missing",IF(tblProducts[[#This Row],[Discount]]<20%,"Low Discount",IF(tblProducts[[#This Row],[Discount]]<=40%,"Medium Discount","High Discount"))) -> Medium Discount | H2: 2 | I2: 4.5 | J2: =IF(tblProducts[[#This Row],[Rating]]="","Missing",IF(tblProducts[[#This Row],[Rating]]<3,"Poor",IF(tblProducts[[#This Row],[Rating]]<=4,"Average",IF(tblProducts[[#This Row],[Rating]]<4.5, "Unclassified","Excellent")))) -> Excellent
A3: Metal Decorative Hooks Key Hangers Entryway Wall Hooks Towel Hooks - Home | B3: 527 | C3: 999 | D3: =IF(tblProducts[[#This Row],[Current Price]]="","Missing",IF(tblProducts[[#This Row],[Current Price]]<Price_Q1,"Low Price",IF(tblProducts[[#This Row],[Current Price]]<Price_Q3,"Medium Price","High Price"))) -> Medium Price | E3: =tblProducts[[#This Row],[Old Price]]-tblProducts[[#This Row],[Current Price]] -> 472 | F3: 0.47 | G3: =IF(tblProducts[[#This Row],[Discount]]="","Missing",IF(tblProducts[[#This Row],[Discount]]<20%,"Low Discount",IF(tblProducts[[#This Row],[Discount]]<=40%,"Medium Discount","High Discount"))) -> High Discount | H3: 14 | I3: 4.1 | J3: =IF(tblProducts[[#This Row],[Rating]]="","Missing",IF(tblProducts[[#This Row],[Rating]]<3,"Poor",IF(tblProducts[[#This Row],[Rating]]<=4,"Average",IF(tblProducts[[#This Row],[Rating]]<4.5, "Unclassified","Excellent")))) -> Unclassified
A4: Portable Mini Cordless Car Vacuum Cleaner - Blue | B4: 2199 | C4: 2923 | D4: =IF(tblProducts[[#This Row],[Current Price]]="","Missing",IF(tblProducts[[#This Row],[Current Price]]<Price_Q1,"Low Price",IF(tblProducts[[#This Row],[Current Price]]<Price_Q3,"Medium Price","High Price"))) -> High Price | E4: =tblProducts[[#This Row],[Old Price]]-tblProducts[[#This Row],[Current Price]] -> 724 | F4: 0.25 | G4: =IF(tblProducts[[#This Row],[Discount]]="","Missing",IF(tblProducts[[#This Row],[Discount]]<20%,"Low Discount",IF(tblProducts[[#This Row],[Discount]]<=40%,"Medium Discount","High Discount"))) -> Medium Discount | H4: 24 | I4: 4.6 | J4: =IF(tblProducts[[#This Row],[Rating]]="","Missing",IF(tblProducts[[#This Row],[Rating]]<3,"Poor",IF(tblProducts[[#This Row],[Rating]]<=4,"Average",IF(tblProducts[[#This Row],[Rating]]<4.5, "Unclassified","Excellent")))) -> Excellent
A5: Weighing Scale Digital Bathroom Body Fat Scale USB-Black | B5: 1580 | C5: 2499 | D5: =IF(tblProducts[[#This Row],[Current Price]]="","Missing",IF(tblProducts[[#This Row],[Current Price]]<Price_Q1,"Low Price",IF(tblProducts[[#This Row],[Current Price]]<Price_Q3,"Medium Price","High Price"))) -> Medium Price | E5: =tblProducts[[#This Row],[Old Price]]-tblProducts[[#This Row],[Current Price]] -> 919 | F5: 0.37 | G5: =IF(tblProducts[[#This Row],[Discount]]="","Missing",IF(tblProducts[[#This Row],[Discount]]<20%,"Low Discount",IF(tblProducts[[#This Row],[Discount]]<=40%,"Medium Discount","High Discount"))) -> Medium Discount | H5: 7 | I5: 4.7 | J5: =IF(tblProducts[[#This Row],[Rating]]="","Missing",IF(tblProducts[[#This Row],[Rating]]<3,"Poor",IF(tblProducts[[#This Row],[Rating]]<=4,"Average",IF(tblProducts[[#This Row],[Rating]]<4.5, "Unclassified","Excellent")))) -> Excellent
A6: Portable Home Small Air Humidifier 3-Speed Fan - Green | B6: 1740 | C6: 2356 | D6: =IF(tblProducts[[#This Row],[Current Price]]="","Missing",IF(tblProducts[[#This Row],[Current Price]]<Price_Q1,"Low Price",IF(tblProducts[[#This Row],[Current Price]]<Price_Q3,"Medium Price","High Price"))) -> High Price | E6: =tblProducts[[#This Row],[Old Price]]-tblProducts[[#This Row],[Current Price]] -> 616 | F6: 0.26 | G6: =IF(tblProducts[[#This Row],[Discount]]="","Missing",IF(tblProducts[[#This Row],[Discount]]<20%,"Low Discount",IF(tblProducts[[#This Row],[Discount]]<=40%,"Medium Discount","High Discount"))) -> Medium Discount | H6: 5 | I6: 4.8 | J6: =IF(tblProducts[[#This Row],[Rating]]="","Missing",IF(tblProducts[[#This Row],[Rating]]<3,"Poor",IF(tblProducts[[#This Row],[Rating]]<=4,"Average",IF(tblProducts[[#This Row],[Rating]]<4.5, "Unclassified","Excellent")))) -> Excellent
A7: 220V 60W Electric Soldering Iron Kits With Tools, Tips, And Multimeter | B7: 2999 | C7: 3290 | D7: =IF(tblProducts[[#This Row],[Current Price]]="","Missing",IF(tblProducts[[#This Row],[Current Price]]<Price_Q1,"Low Price",IF(tblProducts[[#This Row],[Current Price]]<Price_Q3,"Medium Price","High Price"))) -> High Price | E7: =tblProducts[[#This Row],[Old Price]]-tblProducts[[#This Row],[Current Price]] -> 291 | F7: 0.09 | G7: =IF(tblProducts[[#This Row],[Discount]]="","Missing",IF(tblProducts[[#This Row],[Discount]]<20%,"Low Discount",IF(tblProducts[[#This Row],[Discount]]<=40%,"Medium Discount","High Discount"))) -> Low Discount | H7: 15 | I7: 4 | J7: =IF(tblProducts[[#This Row],[Rating]]="","Missing",IF(tblProducts[[#This Row],[Rating]]<3,"Poor",IF(tblProducts[[#This Row],[Rating]]<=4,"Average",IF(tblProducts[[#This Row],[Rating]]<4.5, "Unclassified","Excellent")))) -> Average
A8: 137 Pieces Cake Decorating Tool Set Baking Supplies | B8: 2319 | C8: 3032 | D8: =IF(tblProducts[[#This Row],[Current Price]]="","Missing",IF(tblProducts[[#This Row],[Current Price]]<Price_Q1,"Low Price",IF(tblProducts[[#This Row],[Current Price]]<Price_Q3,"Medium Price","High Price"))) -> High Price | E8: =tblProducts[[#This Row],[Old Price]]-tblProducts[[#This Row],[Current Price]] -> 713 | F8: 0.24 | G8: =IF(tblProducts[[#This Row],[Discount]]="","Missing",IF(tblProducts[[#This Row],[Discount]]<20%,"Low Discount",IF(tblProducts[[#This Row],[Discount]]<=40%,"Medium Discount","High Discount"))) -> Medium Discount | H8: 55 | I8: 4.6 | J8: =IF(tblProducts[[#This Row],[Rating]]="","Missing",IF(tblProducts[[#This Row],[Rating]]<3,"Poor",IF(tblProducts[[#This Row],[Rating]]<=4,"Average",IF(tblProducts[[#This Row],[Rating]]<4.5, "Unclassified","Excellent")))) -> Excellent
A9: Desk Foldable Fan Adjustable Fan Strong Wind 3 Gear Usb | B9: 988 | C9: 1580 | D9: =IF(tblProducts[[#This Row],[Current Price]]="","Missing",IF(tblProducts[[#This Row],[Current Price]]<Price_Q1,"Low Price",IF(tblProducts[[#This Row],[Current Price]]<Price_Q3,"Medium Price","High Price"))) -> Medium Price | E9: =tblProducts[[#This Row],[Old Price]]-tblProducts[[#This Row],[Current Price]] -> 592 | F9: 0.37 | G9: =IF(tblProducts[[#This Row],[Discount]]="","Missing",IF(tblProducts[[#This Row],[Discount]]<20%,"Low Discount",IF(tblProducts[[#This Row],[Discount]]<=40%,"Medium Discount","High Discount"))) -> Medium Discount | H9: 2 | I9: 4 | J9: =IF(tblProducts[[#This Row],[Rating]]="","Missing",IF(tblProducts[[#This Row],[Rating]]<3,"Poor",IF(tblProducts[[#This Row],[Rating]]<=4,"Average",IF(tblProducts[[#This Row],[Rating]]<4.5, "Unclassified","Excellent")))) -> Average
A10: LASA FOLDING TABLE SERVING STAND | B10: 1274 | C10: 2800 | D10: =IF(tblProducts[[#This Row],[Current Price]]="","Missing",IF(tblProducts[[#This Row],[Current Price]]<Price_Q1,"Low Price",IF(tblProducts[[#This Row],[Current Price]]<Price_Q3,"Medium Price","High Price"))) -> Medium Price | E10: =tblProducts[[#This Row],[Old Price]]-tblProducts[[#This Row],[Current Price]] -> 1526 | F10: 0.55 | G10: =IF(tblProducts[[#This Row],[Discount]]="","Missing",IF(tblProducts[[#This Row],[Discount]]<20%,"Low Discount",IF(tblProducts[[#This Row],[Discount]]<=40%,"Medium Discount","High Discount"))) -> High Discount | H10: 5 | I10: 4.8 | J10: =IF(tblProducts[[#This Row],[Rating]]="","Missing",IF(tblProducts[[#This Row],[Rating]]<3,"Poor",IF(tblProducts[[#This Row],[Rating]]<=4,"Average",IF(tblProducts[[#This Row],[Rating]]<4.5, "Unclassified","Excellent")))) -> Excellent
A11: 13 In 1 Home Repair Tools Box Kit Set | B11: 1600 | C11: 2929 | D11: =IF(tblProducts[[#This Row],[Current Price]]="","Missing",IF(tblProducts[[#This Row],[Current Price]]<Price_Q1,"Low Price",IF(tblProducts[[#This Row],[Current Price]]<Price_Q3,"Medium Price","High Price"))) -> Medium Price | E11: =tblProducts[[#This Row],[Old Price]]-tblProducts[[#This Row],[Current Price]] -> 1329 | F11: 0.45 | G11: =IF(tblProducts[[#This Row],[Discount]]="","Missing",IF(tblProducts[[#This Row],[Discount]]<20%,"Low Discount",IF(tblProducts[[#This Row],[Discount]]<=40%,"Medium Discount","High Discount"))) -> High Discount | H11: 5 | I11: 3.8 | J11: =IF(tblProducts[[#This Row],[Rating]]="","Missing",IF(tblProducts[[#This Row],[Rating]]<3,"Poor",IF(tblProducts[[#This Row],[Rating]]<=4,"Average",IF(tblProducts[[#This Row],[Rating]]<4.5, "Unclassified","Excellent")))) -> Average
A12: Genebre 115 In 1 Screwdriver Repairing Tool Set For IPhone Cellphone Hand Tool | B12: 799 | C12: 999 | D12: =IF(tblProducts[[#This Row],[Current Price]]="","Missing",IF(tblProducts[[#This Row],[Current Price]]<Price_Q1,"Low Price",IF(tblProducts[[#This Row],[Current Price]]<Price_Q3,"Medium Price","High Price"))) -> Medium Price | E12: =tblProducts[[#This Row],[Old Price]]-tblProducts[[#This Row],[Current Price]] -> 200 | F12: 0.2 | G12: =IF(tblProducts[[#This Row],[Discount]]="","Missing",IF(tblProducts[[#This Row],[Discount]]<20%,"Low Discount",IF(tblProducts[[#This Row],[Discount]]<=40%,"Medium Discount","High Discount"))) -> Medium Discount | H12: 12 | I12: 4.1 | J12: =IF(tblProducts[[#This Row],[Rating]]="","Missing",IF(tblProducts[[#This Row],[Rating]]<3,"Poor",IF(tblProducts[[#This Row],[Rating]]<=4,"Average",IF(tblProducts[[#This Row],[Rating]]<4.5, "Unclassified","Excellent")))) -> Unclassified
A13: 100 Pcs Crochet Hook Tool Set Knitting Hook Set With Box | B13: 990 | C13: 1500 | D13: =IF(tblProducts[[#This Row],[Current Price]]="","Missing",IF(tblProducts[[#This Row],[Current Price]]<Price_Q1,"Low Price",IF(tblProducts[[#This Row],[Current Price]]<Price_Q3,"Medium Price","High Price"))) -> Medium Price | E13: =tblProducts[[#This Row],[Old Price]]-tblProducts[[#This Row],[Current Price]] -> 510 | F13: 0.34 | G13: =IF(tblProducts[[#This Row],[Discount]]="","Missing",IF(tblProducts[[#This Row],[Discount]]<20%,"Low Discount",IF(tblProducts[[#This Row],[Discount]]<=40%,"Medium Discount","High Discount"))) -> Medium Discount | H13: 39 | I13: 4.7 | J13: =IF(tblProducts[[#This Row],[Rating]]="","Missing",IF(tblProducts[[#This Row],[Rating]]<3,"Poor",IF(tblProducts[[#This Row],[Rating]]<=4,"Average",IF(tblProducts[[#This Row],[Rating]]<4.5, "Unclassified","Excellent")))) -> Excellent
... A22: 3PCS Single Head Knitting Crochet Sweater Needle Set | B22: 38 | C22: 80 | D22: =IF(tblProducts[[#This Row],[Current Price]]="","Missing",IF(tblProducts[[#This Row],[Current Price]]<Price_Q1,"Low Price",IF(tblProducts[[#This Row],[Current Price]]<Price_Q3,"Medium Price","High Price"))) -> Low Price | E22: =tblProducts[[#This Row],[Old Price]]-tblProducts[[#This Row],[Current Price]] -> 42 | F22: 0.53 | G22: =IF(tblProducts[[#This Row],[Discount]]="","Missing",IF(tblProducts[[#This Row],[Discount]]<20%,"Low Discount",IF(tblProducts[[#This Row],[Discount]]<=40%,"Medium Discount","High Discount"))) -> High Discount | H22: 13 | I22: 3.3 | J22: =IF(tblProducts[[#This Row],[Rating]]="","Missing",IF(tblProducts[[#This Row],[Rating]]<3,"Poor",IF(tblProducts[[#This Row],[Rating]]<=4,"Average",IF(tblProducts[[#This Row],[Rating]]<4.5, "Unclassified","Excellent")))) -> Average
A23: 4pcs Bathroom/Kitchen Towel Rack,Roll Paper Holder,Towel Bars,Hook | B23: 1860 | C23: 3220 | D23: =IF(tblProducts[[#This Row],[Current Price]]="","Missing",IF(tblProducts[[#This Row],[Current Price]]<Price_Q1,"Low Price",IF(tblProducts[[#This Row],[Current Price]]<Price_Q3,"Medium Price","High Price"))) -> High Price | E23: =tblProducts[[#This Row],[Old Price]]-tblProducts[[#This Row],[Current Price]] -> 1360 | F23: 0.42 | G23: =IF(tblProducts[[#This Row],[Discount]]="","Missing",IF(tblProducts[[#This Row],[Discount]]<20%,"Low Discount",IF(tblProducts[[#This Row],[Discount]]<=40%,"Medium Discount","High Discount"))) -> High Discount | J23: =IF(tblProducts[[#This Row],[Rating]]="","Missing",IF(tblProducts[[#This Row],[Rating]]<3,"Poor",IF(tblProducts[[#This Row],[Rating]]<=4,"Average",IF(tblProducts[[#This Row],[Rating]]<4.5, "Unclassified","Excellent")))) -> Missing
A24: LED Romantic Spaceship Starry Sky Projector,Children's Bedroom Night Light-Blue | B24: 880 | C24: 1350 | D24: =IF(tblProducts[[#This Row],[Current Price]]="","Missing",IF(tblProducts[[#This Row],[Current Price]]<Price_Q1,"Low Price",IF(tblProducts[[#This Row],[Current Price]]<Price_Q3,"Medium Price","High Price"))) -> Medium Price | E24: =tblProducts[[#This Row],[Old Price]]-tblProducts[[#This Row],[Current Price]] -> 470 | F24: 0.35 | G24: =IF(tblProducts[[#This Row],[Discount]]="","Missing",IF(tblProducts[[#This Row],[Discount]]<20%,"Low Discount",IF(tblProducts[[#This Row],[Discount]]<=40%,"Medium Discount","High Discount"))) -> Medium Discount | H24: 6 | I24: 4 | J24: =IF(tblProducts[[#This Row],[Rating]]="","Missing",IF(tblProducts[[#This Row],[Rating]]<3,"Poor",IF(tblProducts[[#This Row],[Rating]]<=4,"Average",IF(tblProducts[[#This Row],[Rating]]<4.5, "Unclassified","Excellent")))) -> Average
A25: Foldable Overbed Table/Desk | B25: 1650 | C25: 2150 | D25: =IF(tblProducts[[#This Row],[Current Price]]="","Missing",IF(tblProducts[[#This Row],[Current Price]]<Price_Q1,"Low Price",IF(tblProducts[[#This Row],[Current Price]]<Price_Q3,"Medium Price","High Price"))) -> Medium Price | E25: =tblProducts[[#This Row],[Old Price]]-tblProducts[[#This Row],[Current Price]] -> 500 | F25: 0.23 | G25: =IF(tblProducts[[#This Row],[Discount]]="","Missing",IF(tblProducts[[#This Row],[Discount]]<20%,"Low Discount",IF(tblProducts[[#This Row],[Discount]]<=40%,"Medium Discount","High Discount"))) -> Medium Discount | H25: 14 | I25: 4.4 | J25: =IF(tblProducts[[#This Row],[Rating]]="","Missing",IF(tblProducts[[#This Row],[Rating]]<3,"Poor",IF(tblProducts[[#This Row],[Rating]]<=4,"Average",IF(tblProducts[[#This Row],[Rating]]<4.5, "Unclassified","Excellent")))) -> Unclassified
A26: LASA 3 Tier Bamboo Shoe Bench Storage Shelf | B26: 2048 | C26: 4500 | D26: =IF(tblProducts[[#This Row],[Current Price]]="","Missing",IF(tblProducts[[#This Row],[Current Price]]<Price_Q1,"Low Price",IF(tblProducts[[#This Row],[Current Price]]<Price_Q3,"Medium Price","High Price"))) -> High Price | E26: =tblProducts[[#This Row],[Old Price]]-tblProducts[[#This Row],[Current Price]] -> 2452 | F26: 0.54 | G26: =IF(tblProducts[[#This Row],[Discount]]="","Missing",IF(tblProducts[[#This Row],[Discount]]<20%,"Low Discount",IF(tblProducts[[#This Row],[Discount]]<=40%,"Medium Discount","High Discount"))) -> High Discount | H26: 7 | I26: 4.3 | J26: =IF(tblProducts[[#This Row],[Rating]]="","Missing",IF(tblProducts[[#This Row],[Rating]]<3,"Poor",IF(tblProducts[[#This Row],[Rating]]<=4,"Average",IF(tblProducts[[#This Row],[Rating]]<4.5, "Unclassified","Excellent")))) -> Unclassified
A27: Electronic Digital Display Vernier Caliper | B27: 420 | C27: 647 | D27: =IF(tblProducts[[#This Row],[Current Price]]="","Missing",IF(tblProducts[[#This Row],[Current Price]]<Price_Q1,"Low Price",IF(tblProducts[[#This Row],[Current Price]]<Price_Q3,"Medium Price","High Price"))) -> Low Price | E27: =tblProducts[[#This Row],[Old Price]]-tblProducts[[#This Row],[Current Price]] -> 227 | F27: 0.35 | G27: =IF(tblProducts[[#This Row],[Discount]]="","Missing",IF(tblProducts[[#This Row],[Discount]]<20%,"Low Discount",IF(tblProducts[[#This Row],[Discount]]<=40%,"Medium Discount","High Discount"))) -> Medium Discount | H27: 49 | I27: 4.6 | J27: =IF(tblProducts[[#This Row],[Rating]]="","Missing",IF(tblProducts[[#This Row],[Rating]]<3,"Poor",IF(tblProducts[[#This Row],[Rating]]<=4,"Average",IF(tblProducts[[#This Row],[Rating]]<4.5, "Unclassified","Excellent")))) -> Excellent
A28: Portable Wardrobe Nonwoven With 3 Hanging Rods And 6 Storage Shelves | B28: 2880 | C28: 3520 | D28: =IF(tblProducts[[#This Row],[Current Price]]="","Missing",IF(tblProducts[[#This Row],[Current Price]]<Price_Q1,"Low Price",IF(tblProducts[[#This Row],[Current Price]]<Price_Q3,"Medium Price","High Price"))) -> High Price | E28: =tblProducts[[#This Row],[Old Price]]-tblProducts[[#This Row],[Current Price]] -> 640 | F28: 0.18 | G28: =IF(tblProducts[[#This Row],[Discount]]="","Missing",IF(tblProducts[[#This Row],[Discount]]<20%,"Low Discount",IF(tblProducts[[#This Row],[Discount]]<=40%,"Medium Discount","High Discount"))) -> Low Discount | H28: 12 | I28: 3.8 | J28: =IF(tblProducts[[#This Row],[Rating]]="","Missing",IF(tblProducts[[#This Row],[Rating]]<3,"Poor",IF(tblProducts[[#This Row],[Rating]]<=4,"Average",IF(tblProducts[[#This Row],[Rating]]<4.5, "Unclassified","Excellent")))) -> Average
A29: 12 Litre Black Insulated Lunch Box | B29: 1350 | C29: 1990 | D29: =IF(tblProducts[[#This Row],[Current Price]]="","Missing",IF(tblProducts[[#This Row],[Current Price]]<Price_Q1,"Low Price",IF(tblProducts[[#This Row],[Current Price]]<Price_Q3,"Medium Price","High Price"))) -> Medium Price | E29: =tblProducts[[#This Row],[Old Price]]-tblProducts[[#This Row],[Current Price]] -> 640 | F29: 0.32 | G29: =IF(tblProducts[[#This Row],[Discount]]="","Missing",IF(tblProducts[[#This Row],[Discount]]<20%,"Low Discount",IF(tblProducts[[#This Row],[Discount]]<=40%,"Medium Discount","High Discount"))) -> Medium Discount | H29: 13 | I29: 3.8 | J29: =IF(tblProducts[[#This Row],[Rating]]="","Missing",IF(tblProducts[[#This Row],[Rating]]<3,"Poor",IF(tblProducts[[#This Row],[Rating]]<=4,"Average",IF(tblProducts[[#This Row],[Rating]]<4.5, "Unclassified","Excellent")))) -> Average
A30: 52 Pieces Cake Decorating Tool Set Gift Kit Baking Supplies | B30: 1758 | C30: 2499 | D30: =IF(tblProducts[[#This Row],[Current Price]]="","Missing",IF(tblProducts[[#This Row],[Current Price]]<Price_Q1,"Low Price",IF(tblProducts[[#This Row],[Current Price]]<Price_Q3,"Medium Price","High Price"))) -> High Price | E30: =tblProducts[[#This Row],[Old Price]]-tblProducts[[#This Row],[Current Price]] -> 741 | F30: 0.3 | G30: =IF(tblProducts[[#This Row],[Discount]]="","Missing",IF(tblProducts[[#This Row],[Discount]]<20%,"Low Discount",IF(tblProducts[[#This Row],[Discount]]<=40%,"Medium Discount","High Discount"))) -> Medium Discount | H30: 20 | I30: 4.1 | J30: =IF(tblProducts[[#This Row],[Rating]]="","Missing",IF(tblProducts[[#This Row],[Rating]]<3,"Poor",IF(tblProducts[[#This Row],[Rating]]<=4,"Average",IF(tblProducts[[#This Row],[Rating]]<4.5, "Unclassified","Excellent")))) -> Unclassified
A31: MultiFunctional Storage Rack Multi-layer Bookshelf | B31: 2200 | C31: 4080 | D31: =IF(tblProducts[[#This Row],[Current Price]]="","Missing",IF(tblProducts[[#This Row],[Current Price]]<Price_Q1,"Low Price",IF(tblProducts[[#This Row],[Current Price]]<Price_Q3,"Medium Price","High Price"))) -> High Price | E31: =tblProducts[[#This Row],[Old Price]]-tblProducts[[#This Row],[Current Price]] -> 1880 | F31: 0.46 | G31: =IF(tblProducts[[#This Row],[Discount]]="","Missing",IF(tblProducts[[#This Row],[Discount]]<20%,"Low Discount",IF(tblProducts[[#This Row],[Discount]]<=40%,"Medium Discount","High Discount"))) -> High Discount | J31: =IF(tblProducts[[#This Row],[Rating]]="","Missing",IF(tblProducts[[#This Row],[Rating]]<3,"Poor",IF(tblProducts[[#This Row],[Rating]]<=4,"Average",IF(tblProducts[[#This Row],[Rating]]<4.5, "Unclassified","Excellent")))) -> Missing
A32: Exfoliate And Exfoliate Face Towel - Black | B32: 185 | C32: 382 | D32: =IF(tblProducts[[#This Row],[Current Price]]="","Missing",IF(tblProducts[[#This Row],[Current Price]]<Price_Q1,"Low Price",IF(tblProducts[[#This Row],[Current Price]]<Price_Q3,"Medium Price","High Price"))) -> Low Price | E32: =tblProducts[[#This Row],[Old Price]]-tblProducts[[#This Row],[Current Price]] -> 197 | F32: 0.52 | G32: =IF(tblProducts[[#This Row],[Discount]]="","Missing",IF(tblProducts[[#This Row],[Discount]]<20%,"Low Discount",IF(tblProducts[[#This Row],[Discount]]<=40%,"Medium Discount","High Discount"))) -> High Discount | H32: 9 | I32: 4.3 | J32: =IF(tblProducts[[#This Row],[Rating]]="","Missing",IF(tblProducts[[#This Row],[Rating]]<3,"Poor",IF(tblProducts[[#This Row],[Rating]]<=4,"Average",IF(tblProducts[[#This Row],[Rating]]<4.5, "Unclassified","Excellent")))) -> Unclassified
A33: 12 Litre Insulated Lunch Box Grey | B33: 980 | C33: 1490 | D33: =IF(tblProducts[[#This Row],[Current Price]]="","Missing",IF(tblProducts[[#This Row],[Current Price]]<Price_Q1,"Low Price",IF(tblProducts[[#This Row],[Current Price]]<Price_Q3,"Medium Price","High Price"))) -> Medium Price | E33: =tblProducts[[#This Row],[Old Price]]-tblProducts[[#This Row],[Current Price]] -> 510 | F33: 0.34 | G33: =IF(tblProducts[[#This Row],[Discount]]="","Missing",IF(tblProducts[[#This Row],[Discount]]<20%,"Low Discount",IF(tblProducts[[#This Row],[Discount]]<=40%,"Medium Discount","High Discount"))) -> Medium Discount | H33: 12 | I33: 4.7 | J33: =IF(tblProducts[[#This Row],[Rating]]="","Missing",IF(tblProducts[[#This Row],[Rating]]<3,"Poor",IF(tblProducts[[#This Row],[Rating]]<=4,"Average",IF(tblProducts[[#This Row],[Rating]]<4.5, "Unclassified","Excellent")))) -> Excellent
A34: LED Eye Protection Desk Lamp , Study, Reading, USB Fan - Double Pen Holder | B34: 1820 | C34: 3490 | D34: =IF(tblProducts[[#This Row],[Current Price]]="","Missing",IF(tblProducts[[#This Row],[Current Price]]<Price_Q1,"Low Price",IF(tblProducts[[#This Row],[Current Price]]<Price_Q3,"Medium Price","High Price"))) -> High Price | E34: =tblProducts[[#This Row],[Old Price]]-tblProducts[[#This Row],[Current Price]] -> 1670 | F34: 0.48 | G34: =IF(tblProducts[[#This Row],[Discount]]="","Missing",IF(tblProducts[[#This Row],[Discount]]<20%,"Low Discount",IF(tblProducts[[#This Row],[Discount]]<=40%,"Medium Discount","High Discount"))) -> High Discount | H34: 9 | I34: 4.3 | J34: =IF(tblProducts[[#This Row],[Rating]]="","Missing",IF(tblProducts[[#This Row],[Rating]]<3,"Poor",IF(tblProducts[[#This Row],[Rating]]<=4,"Average",IF(tblProducts[[#This Row],[Rating]]<4.5, "Unclassified","Excellent")))) -> Unclassified
A35: 53Pcs/Set Yarn Knitting Crochet Hooks With Bag - Fortune Cat | B35: 1940 | C35: 2650 | D35: =IF(tblProducts[[#This Row],[Current Price]]="","Missing",IF(tblProducts[[#This Row],[Current Price]]<Price_Q1,"Low Price",IF(tblProducts[[#This Row],[Current Price]]<Price_Q3,"Medium Price","High Price"))) -> High Price | E35: =tblProducts[[#This Row],[Old Price]]-tblProducts[[#This Row],[Current Price]] -> 710 | F35: 0.27 | G35: =IF(tblProducts[[#This Row],[Discount]]="","Missing",IF(tblProducts[[#This Row],[Discount]]<20%,"Low Discount",IF(tblProducts[[#This Row],[Discount]]<=40%,"Medium Discount","High Discount"))) -> Medium Discount | H35: 20 | I35: 4.7 | J35: =IF(tblProducts[[#This Row],[Rating]]="","Missing",IF(tblProducts[[#This Row],[Rating]]<3,"Poor",IF(tblProducts[[#This Row],[Rating]]<=4,"Average",IF(tblProducts[[#This Row],[Rating]]<4.5, "Unclassified","Excellent")))) -> Excellent
A36: 53 Pieces/Set Yarn Knitting Crochet Hooks With Bag - Pansies | B36: 1980 | C36: 2699 | D36: =IF(tblProducts[[#This Row],[Current Price]]="","Missing",IF(tblProducts[[#This Row],[Current Price]]<Price_Q1,"Low Price",IF(tblProducts[[#This Row],[Current Price]]<Price_Q3,"Medium Price","High Price"))) -> High Price | E36: =tblProducts[[#This Row],[Old Price]]-tblProducts[[#This Row],[Current Price]] -> 719 | F36: 0.27 | G36: =IF(tblProducts[[#This Row],[Discount]]="","Missing",IF(tblProducts[[#This Row],[Discount]]<20%,"Low Discount",IF(tblProducts[[#This Row],[Discount]]<=40%,"Medium Discount","High Discount"))) -> Medium Discount | H36: 32 | I36: 4.5 | J36: =IF(tblProducts[[#This Row],[Rating]]="","Missing",IF(tblProducts[[#This Row],[Rating]]<3,"Poor",IF(tblProducts[[#This Row],[Rating]]<=4,"Average",IF(tblProducts[[#This Row],[Rating]]<4.5, "Unclassified","Excellent")))) -> Excellent
A37: DIY File Folder, Office Drawer File Holder, Pen Holder, Desktop Storage Rack | B37: 1620 | C37: 2690 | D37: =IF(tblProducts[[#This Row],[Current Price]]="","Missing",IF(tblProducts[[#This Row],[Current Price]]<Price_Q1,"Low Price",IF(tblProducts[[#This Row],[Current Price]]<Price_Q3,"Medium Price","High Price"))) -> Medium Price | E37: =tblProducts[[#This Row],[Old Price]]-tblProducts[[#This Row],[Current Price]] -> 1070 | F37: 0.4 | G37: =IF(tblProducts[[#This Row],[Discount]]="","Missing",IF(tblProducts[[#This Row],[Discount]]<20%,"Low Discount",IF(tblProducts[[#This Row],[Discount]]<=40%,"Medium Discount","High Discount"))) -> Medium Discount | H37: 1 | I37: 5 | J37: =IF(tblProducts[[#This Row],[Rating]]="","Missing",IF(tblProducts[[#This Row],[Rating]]<3,"Poor",IF(tblProducts[[#This Row],[Rating]]<=4,"Average",IF(tblProducts[[#This Row],[Rating]]<4.5, "Unclassified","Excellent")))) -> Excellent
A38: Classic Black Cat Cotton Hemp Pillow Case For Home Car | B38: 171 | C38: 360 | D38: =IF(tblProducts[[#This Row],[Current Price]]="","Missing",IF(tblProducts[[#This Row],[Current Price]]<Price_Q1,"Low Price",IF(tblProducts[[#This Row],[Current Price]]<Price_Q3,"Medium Price","High Price"))) -> Low Price | E38: =tblProducts[[#This Row],[Old Price]]-tblProducts[[#This Row],[Current Price]] -> 189 | F38: 0.53 | G38: =IF(tblProducts[[#This Row],[Discount]]="","Missing",IF(tblProducts[[#This Row],[Discount]]<20%,"Low Discount",IF(tblProducts[[#This Row],[Discount]]<=40%,"Medium Discount","High Discount"))) -> High Discount | H38: 2 | I38: 5 | J38: =IF(tblProducts[[#This Row],[Rating]]="","Missing",IF(tblProducts[[#This Row],[Rating]]<3,"Poor",IF(tblProducts[[#This Row],[Rating]]<=4,"Average",IF(tblProducts[[#This Row],[Rating]]<4.5, "Unclassified","Excellent")))) -> Excellent
A39: Punch-free Great Load Bearing Bathroom Storage Rack Wall Shelf-White | B39: 389 | C39: 656 | D39: =IF(tblProducts[[#This Row],[Current Price]]="","Missing",IF(tblProducts[[#This Row],[Current Price]]<Price_Q1,"Low Price",IF(tblProducts[[#This Row],[Current Price]]<Price_Q3,"Medium Price","High Price"))) -> Low Price | E39: =tblProducts[[#This Row],[Old Price]]-tblProducts[[#This Row],[Current Price]] -> 267 | F39: 0.41 | G39: =IF(tblProducts[[#This Row],[Discount]]="","Missing",IF(tblProducts[[#This Row],[Discount]]<20%,"Low Discount",IF(tblProducts[[#This Row],[Discount]]<=40%,"Medium Discount","High Discount"))) -> High Discount | H39: 36 | I39: 4.3 | J39: =IF(tblProducts[[#This Row],[Rating]]="","Missing",IF(tblProducts[[#This Row],[Rating]]<3,"Poor",IF(tblProducts[[#This Row],[Rating]]<=4,"Average",IF(tblProducts[[#This Row],[Rating]]<4.5, "Unclassified","Excellent")))) -> Unclassified
A40: 1/2/3 Seater Elastic Sofa Cover,Living Room/Home Decor Chair Cover-Grey | B40: 1800 | C40: 2700 | D40: =IF(tblProducts[[#This Row],[Current Price]]="","Missing",IF(tblProducts[[#This Row],[Current Price]]<Price_Q1,"Low Price",IF(tblProducts[[#This Row],[Current Price]]<Price_Q3,"Medium Price","High Price"))) -> High Price | E40: =tblProducts[[#This Row],[Old Price]]-tblProducts[[#This Row],[Current Price]] -> 900 | F40: 0.38 | G40: =IF(tblProducts[[#This Row],[Discount]]="","Missing",IF(tblProducts[[#This Row],[Discount]]<20%,"Low Discount",IF(tblProducts[[#This Row],[Discount]]<=40%,"Medium Discount","High Discount"))) -> Medium Discount | H40: 2 | I40: 4.5 | J40: =IF(tblProducts[[#This Row],[Rating]]="","Missing",IF(tblProducts[[#This Row],[Rating]]<3,"Poor",IF(tblProducts[[#This Row],[Rating]]<=4,"Average",IF(tblProducts[[#This Row],[Rating]]<4.5, "Unclassified","Excellent")))) -> Excellent
A41: LASA Stainless Steel Double Wall Mount Soap Dispenser - 500ml | B41: 2750 | C41: 4471 | D41: =IF(tblProducts[[#This Row],[Current Price]]="","Missing",IF(tblProducts[[#This Row],[Current Price]]<Price_Q1,"Low Price",IF(tblProducts[[#This Row],[Current Price]]<Price_Q3,"Medium Price","High Price"))) -> High Price | E41: =tblProducts[[#This Row],[Old Price]]-tblProducts[[#This Row],[Current Price]] -> 1721 | F41: 0.38 | G41: =IF(tblProducts[[#This Row],[Discount]]="","Missing",IF(tblProducts[[#This Row],[Discount]]<20%,"Low Discount",IF(tblProducts[[#This Row],[Discount]]<=40%,"Medium Discount","High Discount"))) -> Medium Discount | J41: =IF(tblProducts[[#This Row],[Rating]]="","Missing",IF(tblProducts[[#This Row],[Rating]]<3,"Poor",IF(tblProducts[[#This Row],[Rating]]<=4,"Average",IF(tblProducts[[#This Row],[Rating]]<4.5, "Unclassified","Excellent")))) -> Missing
A42: 4M Float Switch Water Level Controller -Water Tank | B42: 475 | C42: 931 | D42: =IF(tblProducts[[#This Row],[Current Price]]="","Missing",IF(tblProducts[[#This Row],[Current Price]]<Price_Q1,"Low Price",IF(tblProducts[[#This Row],[Current Price]]<Price_Q3,"Medium Price","High Price"))) -> Low Price | E42: =tblProducts[[#This Row],[Old Price]]-tblProducts[[#This Row],[Current Price]] -> 456 | F42: 0.49 | G42: =IF(tblProducts[[#This Row],[Discount]]="","Missing",IF(tblProducts[[#This Row],[Discount]]<20%,"Low Discount",IF(tblProducts[[#This Row],[Discount]]<=40%,"Medium Discount","High Discount"))) -> High Discount | J42: =IF(tblProducts[[#This Row],[Rating]]="","Missing",IF(tblProducts[[#This Row],[Rating]]<3,"Poor",IF(tblProducts[[#This Row],[Rating]]<=4,"Average",IF(tblProducts[[#This Row],[Rating]]<4.5, "Unclassified","Excellent")))) -> Missing
A43: Modern Sofa Throw Pillow Cover-45x45cm-Blue&Red | B43: 238 | C43: 476 | D43: =IF(tblProducts[[#This Row],[Current Price]]="","Missing",IF(tblProducts[[#This Row],[Current Price]]<Price_Q1,"Low Price",IF(tblProducts[[#This Row],[Current Price]]<Price_Q3,"Medium Price","High Price"))) -> Low Price | E43: =tblProducts[[#This Row],[Old Price]]-tblProducts[[#This Row],[Current Price]] -> 238 | F43: 0.5 | G43: =IF(tblProducts[[#This Row],[Discount]]="","Missing",IF(tblProducts[[#This Row],[Discount]]<20%,"Low Discount",IF(tblProducts[[#This Row],[Discount]]<=40%,"Medium Discount","High Discount"))) -> High Discount | J43: =IF(tblProducts[[#This Row],[Rating]]="","Missing",IF(tblProducts[[#This Row],[Rating]]<3,"Poor",IF(tblProducts[[#This Row],[Rating]]<=4,"Average",IF(tblProducts[[#This Row],[Rating]]<4.5, "Unclassified","Excellent")))) -> Missing
A44: Balloon Insert, Birthday Party Balloon Set, PU Leather | B44: 610 | C44: 1060 | D44: =IF(tblProducts[[#This Row],[Current Price]]="","Missing",IF(tblProducts[[#This Row],[Current Price]]<Price_Q1,"Low Price",IF(tblProducts[[#This Row],[Current Price]]<Price_Q3,"Medium Price","High Price"))) -> Medium Price | E44: =tblProducts[[#This Row],[Old Price]]-tblProducts[[#This Row],[Current Price]] -> 450 | F44: 0.42 | G44: =IF(tblProducts[[#This Row],[Discount]]="","Missing",IF(tblProducts[[#This Row],[Discount]]<20%,"Low Discount",IF(tblProducts[[#This Row],[Discount]]<=40%,"Medium Discount","High Discount"))) -> High Discount | J44: =IF(tblProducts[[#This Row],[Rating]]="","Missing",IF(tblProducts[[#This Row],[Rating]]<3,"Poor",IF(tblProducts[[#This Row],[Rating]]<=4,"Average",IF(tblProducts[[#This Row],[Rating]]<4.5, "Unclassified","Excellent")))) -> Missing
A45: Shower Cap Wide Elastic Band Cover Reusable Bashroom Cap | B45: 2132 | C45: 2169 | D45: =IF(tblProducts[[#This Row],[Current Price]]="","Missing",IF(tblProducts[[#This Row],[Current Price]]<Price_Q1,"Low Price",IF(tblProducts[[#This Row],[Current Price]]<Price_Q3,"Medium Price","High Price"))) -> High Price | E45: =tblProducts[[#This Row],[Old Price]]-tblProducts[[#This Row],[Current Price]] -> 37 | F45: 0.02 | G45: =IF(tblProducts[[#This Row],[Discount]]="","Missing",IF(tblProducts[[#This Row],[Discount]]<20%,"Low Discount",IF(tblProducts[[#This Row],[Discount]]<=40%,"Medium Discount","High Discount"))) -> Low Discount | J45: =IF(tblProducts[[#This Row],[Rating]]="","Missing",IF(tblProducts[[#This Row],[Rating]]<3,"Poor",IF(tblProducts[[#This Row],[Rating]]<=4,"Average",IF(tblProducts[[#This Row],[Rating]]<4.5, "Unclassified","Excellent")))) -> Missing
A46: Christmas Elk Fence Yard Lawn Decorations Cute For Holidays | B46: 999 | C46: 2000 | D46: =IF(tblProducts[[#This Row],[Current Price]]="","Missing",IF(tblProducts[[#This Row],[Current Price]]<Price_Q1,"Low Price",IF(tblProducts[[#This Row],[Current Price]]<Price_Q3,"Medium Price","High Price"))) -> Medium Price | E46: =tblProducts[[#This Row],[Old Price]]-tblProducts[[#This Row],[Current Price]] -> 1001 | F46: 0.5 | G46: =IF(tblProducts[[#This Row],[Discount]]="","Missing",IF(tblProducts[[#This Row],[Discount]]<20%,"Low Discount",IF(tblProducts[[#This Row],[Discount]]<=40%,"Medium Discount","High Discount"))) -> High Discount | J46: =IF(tblProducts[[#This Row],[Rating]]="","Missing",IF(tblProducts[[#This Row],[Rating]]<3,"Poor",IF(tblProducts[[#This Row],[Rating]]<=4,"Average",IF(tblProducts[[#This Row],[Rating]]<4.5, "Unclassified","Excellent")))) -> Missing
A47: 60W Hot Melt Glue Sprayer - Efficient And Stable Glue Dispensing | B47: 1190 | C47: 1785 | D47: =IF(tblProducts[[#This Row],[Current Price]]="","Missing",IF(tblProducts[[#This Row],[Current Price]]<Price_Q1,"Low Price",IF(tblProducts[[#This Row],[Current Price]]<Price_Q3,"Medium Price","High Price"))) -> Medium Price | E47: =tblProducts[[#This Row],[Old Price]]-tblProducts[[#This Row],[Current Price]] -> 595 | F47: 0.33 | G47: =IF(tblProducts[[#This Row],[Discount]]="","Missing",IF(tblProducts[[#This Row],[Discount]]<20%,"Low Discount",IF(tblProducts[[#This Row],[Discount]]<=40%,"Medium Discount","High Discount"))) -> Medium Discount | J47: =IF(tblProducts[[#This Row],[Rating]]="","Missing",IF(tblProducts[[#This Row],[Rating]]<3,"Poor",IF(tblProducts[[#This Row],[Rating]]<=4,"Average",IF(tblProducts[[#This Row],[Rating]]<4.5, "Unclassified","Excellent")))) -> Missing
A48: Car Phone Charging Stand | B48: 671 | C48: 1316 | D48: =IF(tblProducts[[#This Row],[Current Price]]="","Missing",IF(tblProducts[[#This Row],[Current Price]]<Price_Q1,"Low Price",IF(tblProducts[[#This Row],[Current Price]]<Price_Q3,"Medium Price","High Price"))) -> Medium Price | E48: =tblProducts[[#This Row],[Old Price]]-tblProducts[[#This Row],[Current Price]] -> 645 | F48: 0.49 | G48: =IF(tblProducts[[#This Row],[Discount]]="","Missing",IF(tblProducts[[#This Row],[Discount]]<20%,"Low Discount",IF(tblProducts[[#This Row],[Discount]]<=40%,"Medium Discount","High Discount"))) -> High Discount | J48: =IF(tblProducts[[#This Row],[Rating]]="","Missing",IF(tblProducts[[#This Row],[Rating]]<3,"Poor",IF(tblProducts[[#This Row],[Rating]]<=4,"Average",IF(tblProducts[[#This Row],[Rating]]<4.5, "Unclassified","Excellent")))) -> Missing
A49: 2pcs Solar Street Light Flood Light Outdoor | B49: 1200 | C49: 1950 | D49: =IF(tblProducts[[#This Row],[Current Price]]="","Missing",IF(tblProducts[[#This Row],[Current Price]]<Price_Q1,"Low Price",IF(tblProducts[[#This Row],[Current Price]]<Price_Q3,"Medium Price","High Price"))) -> Medium Price | E49: =tblProducts[[#This Row],[Old Price]]-tblProducts[[#This Row],[Current Price]] -> 750 | F49: 0.38 | G49: =IF(tblProducts[[#This Row],[Discount]]="","Missing",IF(tblProducts[[#This Row],[Discount]]<20%,"Low Discount",IF(tblProducts[[#This Row],[Discount]]<=40%,"Medium Discount","High Discount"))) -> Medium Discount | J49: =IF(tblProducts[[#This Row],[Rating]]="","Missing",IF(tblProducts[[#This Row],[Rating]]<3,"Poor",IF(tblProducts[[#This Row],[Rating]]<=4,"Average",IF(tblProducts[[#This Row],[Rating]]<4.5, "Unclassified","Excellent")))) -> Missing
A50: Creative Owl Shape Keychain Black | B50: 199 | C50: 504 | D50: =IF(tblProducts[[#This Row],[Current Price]]="","Missing",IF(tblProducts[[#This Row],[Current Price]]<Price_Q1,"Low Price",IF(tblProducts[[#This Row],[Current Price]]<Price_Q3,"Medium Price","High Price"))) -> Low Price | E50: =tblProducts[[#This Row],[Old Price]]-tblProducts[[#This Row],[Current Price]] -> 305 | F50: 0.61 | G50: =IF(tblProducts[[#This Row],[Discount]]="","Missing",IF(tblProducts[[#This Row],[Discount]]<20%,"Low Discount",IF(tblProducts[[#This Row],[Discount]]<=40%,"Medium Discount","High Discount"))) -> High Discount | J50: =IF(tblProducts[[#This Row],[Rating]]="","Missing",IF(tblProducts[[#This Row],[Rating]]<3,"Poor",IF(tblProducts[[#This Row],[Rating]]<=4,"Average",IF(tblProducts[[#This Row],[Rating]]<4.5, "Unclassified","Excellent")))) -> Missing
A51: Brush & Paintbrush Cleaning Tool Pink | B51: 299 | C51: 600 | D51: =IF(tblProducts[[#This Row],[Current Price]]="","Missing",IF(tblProducts[[#This Row],[Current Price]]<Price_Q1,"Low Price",IF(tblProducts[[#This Row],[Current Price]]<Price_Q3,"Medium Price","High Price"))) -> Low Price | E51: =tblProducts[[#This Row],[Old Price]]-tblProducts[[#This Row],[Current Price]] -> 301 | F51: 0.5 | G51: =IF(tblProducts[[#This Row],[Discount]]="","Missing",IF(tblProducts[[#This Row],[Discount]]<20%,"Low Discount",IF(tblProducts[[#This Row],[Discount]]<=40%,"Medium Discount","High Discount"))) -> High Discount | J51: =IF(tblProducts[[#This Row],[Rating]]="","Missing",IF(tblProducts[[#This Row],[Rating]]<3,"Poor",IF(tblProducts[[#This Row],[Rating]]<=4,"Average",IF(tblProducts[[#This Row],[Rating]]<4.5, "Unclassified","Excellent")))) -> Missing
A52: Pen Grips For Kids Pen Grip Posture Correction Tool For Kids | B52: 1660 | C52: 1699 | D52: =IF(tblProducts[[#This Row],[Current Price]]="","Missing",IF(tblProducts[[#This Row],[Current Price]]<Price_Q1,"Low Price",IF(tblProducts[[#This Row],[Current Price]]<Price_Q3,"Medium Price","High Price"))) -> Medium Price | E52: =tblProducts[[#This Row],[Old Price]]-tblProducts[[#This Row],[Current Price]] -> 39 | F52: 0.02 | G52: =IF(tblProducts[[#This Row],[Discount]]="","Missing",IF(tblProducts[[#This Row],[Discount]]<20%,"Low Discount",IF(tblProducts[[#This Row],[Discount]]<=40%,"Medium Discount","High Discount"))) -> Low Discount | J52: =IF(tblProducts[[#This Row],[Rating]]="","Missing",IF(tblProducts[[#This Row],[Rating]]<3,"Poor",IF(tblProducts[[#This Row],[Rating]]<=4,"Average",IF(tblProducts[[#This Row],[Rating]]<4.5, "Unclassified","Excellent")))) -> Missing
... A60: Simple Metal Dog Art Sculpture Decoration For Home Office | B60: 399 | C60: 896 | D60: =IF(tblProducts[[#This Row],[Current Price]]="","Missing",IF(tblProducts[[#This Row],[Current Price]]<Price_Q1,"Low Price",IF(tblProducts[[#This Row],[Current Price]]<Price_Q3,"Medium Price","High Price"))) -> Low Price | E60: =tblProducts[[#This Row],[Old Price]]-tblProducts[[#This Row],[Current Price]] -> 497 | F60: 0.55 | G60: =IF(tblProducts[[#This Row],[Discount]]="","Missing",IF(tblProducts[[#This Row],[Discount]]<20%,"Low Discount",IF(tblProducts[[#This Row],[Discount]]<=40%,"Medium Discount","High Discount"))) -> High Discount | J60: =IF(tblProducts[[#This Row],[Rating]]="","Missing",IF(tblProducts[[#This Row],[Rating]]<3,"Poor",IF(tblProducts[[#This Row],[Rating]]<=4,"Average",IF(tblProducts[[#This Row],[Rating]]<4.5, "Unclassified","Excellent")))) -> Missing
A61: 5 Pieces/set Of Stainless Steel Induction Cooker Pots | B61: 2170 | C61: 2500 | D61: =IF(tblProducts[[#This Row],[Current Price]]="","Missing",IF(tblProducts[[#This Row],[Current Price]]<Price_Q1,"Low Price",IF(tblProducts[[#This Row],[Current Price]]<Price_Q3,"Medium Price","High Price"))) -> High Price | E61: =tblProducts[[#This Row],[Old Price]]-tblProducts[[#This Row],[Current Price]] -> 330 | F61: 0.13 | G61: =IF(tblProducts[[#This Row],[Discount]]="","Missing",IF(tblProducts[[#This Row],[Discount]]<20%,"Low Discount",IF(tblProducts[[#This Row],[Discount]]<=40%,"Medium Discount","High Discount"))) -> Low Discount | H61: 6 | I61: 2.5 | J61: =IF(tblProducts[[#This Row],[Rating]]="","Missing",IF(tblProducts[[#This Row],[Rating]]<3,"Poor",IF(tblProducts[[#This Row],[Rating]]<=4,"Average",IF(tblProducts[[#This Row],[Rating]]<4.5, "Unclassified","Excellent")))) -> Poor
A62: Mythco 120COB Solar Wall Ligt With Motion Sensor And Remote Control 3 Modes | B62: 458 | C62: 986 | D62: =IF(tblProducts[[#This Row],[Current Price]]="","Missing",IF(tblProducts[[#This Row],[Current Price]]<Price_Q1,"Low Price",IF(tblProducts[[#This Row],[Current Price]]<Price_Q3,"Medium Price","High Price"))) -> Low Price | E62: =tblProducts[[#This Row],[Old Price]]-tblProducts[[#This Row],[Current Price]] -> 528 | F62: 0.54 | G62: =IF(tblProducts[[#This Row],[Discount]]="","Missing",IF(tblProducts[[#This Row],[Discount]]<20%,"Low Discount",IF(tblProducts[[#This Row],[Discount]]<=40%,"Medium Discount","High Discount"))) -> High Discount | H62: 10 | I62: 3 | J62: =IF(tblProducts[[#This Row],[Rating]]="","Missing",IF(tblProducts[[#This Row],[Rating]]<3,"Poor",IF(tblProducts[[#This Row],[Rating]]<=4,"Average",IF(tblProducts[[#This Row],[Rating]]<4.5, "Unclassified","Excellent")))) -> Average
A63: 5-PCS Stainless Steel Cooking Pot Set With Steamed Slices | B63: 2115 | C63: 4700 | D63: =IF(tblProducts[[#This Row],[Current Price]]="","Missing",IF(tblProducts[[#This Row],[Current Price]]<Price_Q1,"Low Price",IF(tblProducts[[#This Row],[Current Price]]<Price_Q3,"Medium Price","High Price"))) -> High Price | E63: =tblProducts[[#This Row],[Old Price]]-tblProducts[[#This Row],[Current Price]] -> 2585 | F63: 0.55 | G63: =IF(tblProducts[[#This Row],[Discount]]="","Missing",IF(tblProducts[[#This Row],[Discount]]<20%,"Low Discount",IF(tblProducts[[#This Row],[Discount]]<=40%,"Medium Discount","High Discount"))) -> High Discount | H63: 13 | I63: 2.1 | J63: =IF(tblProducts[[#This Row],[Rating]]="","Missing",IF(tblProducts[[#This Row],[Rating]]<3,"Poor",IF(tblProducts[[#This Row],[Rating]]<=4,"Average",IF(tblProducts[[#This Row],[Rating]]<4.5, "Unclassified","Excellent")))) -> Poor
A64: 120W Cordless Vacuum Cleaners Handheld Electric Vacuum Cleaner | B64: 445 | C64: 873 | D64: =IF(tblProducts[[#This Row],[Current Price]]="","Missing",IF(tblProducts[[#This Row],[Current Price]]<Price_Q1,"Low Price",IF(tblProducts[[#This Row],[Current Price]]<Price_Q3,"Medium Price","High Price"))) -> Low Price | E64: =tblProducts[[#This Row],[Old Price]]-tblProducts[[#This Row],[Current Price]] -> 428 | F64: 0.49 | G64: =IF(tblProducts[[#This Row],[Discount]]="","Missing",IF(tblProducts[[#This Row],[Discount]]<20%,"Low Discount",IF(tblProducts[[#This Row],[Discount]]<=40%,"Medium Discount","High Discount"))) -> High Discount | H64: 69 | I64: 2.8 | J64: =IF(tblProducts[[#This Row],[Rating]]="","Missing",IF(tblProducts[[#This Row],[Rating]]<3,"Poor",IF(tblProducts[[#This Row],[Rating]]<=4,"Average",IF(tblProducts[[#This Row],[Rating]]<4.5, "Unclassified","Excellent")))) -> Poor
A65: Intelligent LED Body Sensor Wireless Lighting Night Light USB | B65: 325 | C65: 680 | D65: =IF(tblProducts[[#This Row],[Current Price]]="","Missing",IF(tblProducts[[#This Row],[Current Price]]<Price_Q1,"Low Price",IF(tblProducts[[#This Row],[Current Price]]<Price_Q3,"Medium Price","High Price"))) -> Low Price | E65: =tblProducts[[#This Row],[Old Price]]-tblProducts[[#This Row],[Current Price]] -> 355 | F65: 0.52 | G65: =IF(tblProducts[[#This Row],[Discount]]="","Missing",IF(tblProducts[[#This Row],[Discount]]<20%,"Low Discount",IF(tblProducts[[#This Row],[Discount]]<=40%,"Medium Discount","High Discount"))) -> High Discount | H65: 15 | I65: 2.7 | J65: =IF(tblProducts[[#This Row],[Rating]]="","Missing",IF(tblProducts[[#This Row],[Rating]]<3,"Poor",IF(tblProducts[[#This Row],[Rating]]<=4,"Average",IF(tblProducts[[#This Row],[Rating]]<4.5, "Unclassified","Excellent")))) -> Poor
A66: VIC Wireless Vacuum Cleaner Dual Use For Home And Car 120W High Power Powerful | B66: 1220 | C66: 1555 | D66: =IF(tblProducts[[#This Row],[Current Price]]="","Missing",IF(tblProducts[[#This Row],[Current Price]]<Price_Q1,"Low Price",IF(tblProducts[[#This Row],[Current Price]]<Price_Q3,"Medium Price","High Price"))) -> Medium Price | E66: =tblProducts[[#This Row],[Old Price]]-tblProducts[[#This Row],[Current Price]] -> 335 | F66: 0.22 | G66: =IF(tblProducts[[#This Row],[Discount]]="","Missing",IF(tblProducts[[#This Row],[Discount]]<20%,"Low Discount",IF(tblProducts[[#This Row],[Discount]]<=40%,"Medium Discount","High Discount"))) -> Medium Discount | H66: 16 | I66: 2.9 | J66: =IF(tblProducts[[#This Row],[Rating]]="","Missing",IF(tblProducts[[#This Row],[Rating]]<3,"Poor",IF(tblProducts[[#This Row],[Rating]]<=4,"Average",IF(tblProducts[[#This Row],[Rating]]<4.5, "Unclassified","Excellent")))) -> Poor
A67: Artificial Potted Flowers Room Decorative Flowers (2 Pieces) | B67: 990 | C67: 1814 | D67: =IF(tblProducts[[#This Row],[Current Price]]="","Missing",IF(tblProducts[[#This Row],[Current Price]]<Price_Q1,"Low Price",IF(tblProducts[[#This Row],[Current Price]]<Price_Q3,"Medium Price","High Price"))) -> Medium Price | E67: =tblProducts[[#This Row],[Old Price]]-tblProducts[[#This Row],[Current Price]] -> 824 | F67: 0.45 | G67: =IF(tblProducts[[#This Row],[Discount]]="","Missing",IF(tblProducts[[#This Row],[Discount]]<20%,"Low Discount",IF(tblProducts[[#This Row],[Discount]]<=40%,"Medium Discount","High Discount"))) -> High Discount | H67: 6 | I67: 2.2 | J67: =IF(tblProducts[[#This Row],[Rating]]="","Missing",IF(tblProducts[[#This Row],[Rating]]<3,"Poor",IF(tblProducts[[#This Row],[Rating]]<=4,"Average",IF(tblProducts[[#This Row],[Rating]]<4.5, "Unclassified","Excellent")))) -> Poor
A68: 380ML USB Rechargeable Portable Small Blenders And Juicers | B68: 1000 | C68: 2000 | D68: =IF(tblProducts[[#This Row],[Current Price]]="","Missing",IF(tblProducts[[#This Row],[Current Price]]<Price_Q1,"Low Price",IF(tblProducts[[#This Row],[Current Price]]<Price_Q3,"Medium Price","High Price"))) -> Medium Price | E68: =tblProducts[[#This Row],[Old Price]]-tblProducts[[#This Row],[Current Price]] -> 1000 | F68: 0.5 | G68: =IF(tblProducts[[#This Row],[Discount]]="","Missing",IF(tblProducts[[#This Row],[Discount]]<20%,"Low Discount",IF(tblProducts[[#This Row],[Discount]]<=40%,"Medium Discount","High Discount"))) -> High Discount | H68: 7 | I68: 2.3 | J68: =IF(tblProducts[[#This Row],[Rating]]="","Missing",IF(tblProducts[[#This Row],[Rating]]<3,"Poor",IF(tblProducts[[#This Row],[Rating]]<=4,"Average",IF(tblProducts[[#This Row],[Rating]]<4.5, "Unclassified","Excellent")))) -> Poor
A69: 32PCS Portable Cordless Drill Set With Cyclic Battery Drive -26 Variable Speed | B69: 3750 | C69: 6143 | D69: =IF(tblProducts[[#This Row],[Current Price]]="","Missing",IF(tblProducts[[#This Row],[Current Price]]<Price_Q1,"Low Price",IF(tblProducts[[#This Row],[Current Price]]<Price_Q3,"Medium Price","High Price"))) -> High Price | E69: =tblProducts[[#This Row],[Old Price]]-tblProducts[[#This Row],[Current Price]] -> 2393 | F69: 0.39 | G69: =IF(tblProducts[[#This Row],[Discount]]="","Missing",IF(tblProducts[[#This Row],[Discount]]<20%,"Low Discount",IF(tblProducts[[#This Row],[Discount]]<=40%,"Medium Discount","High Discount"))) -> Medium Discount | H69: 5 | I69: 3 | J69: =IF(tblProducts[[#This Row],[Rating]]="","Missing",IF(tblProducts[[#This Row],[Rating]]<3,"Poor",IF(tblProducts[[#This Row],[Rating]]<=4,"Average",IF(tblProducts[[#This Row],[Rating]]<4.5, "Unclassified","Excellent")))) -> Average
A70: Agapeon Toothbrush Holder And Toothpaste Dispenser | B70: 382 | C70: 700 | D70: =IF(tblProducts[[#This Row],[Current Price]]="","Missing",IF(tblProducts[[#This Row],[Current Price]]<Price_Q1,"Low Price",IF(tblProducts[[#This Row],[Current Price]]<Price_Q3,"Medium Price","High Price"))) -> Low Price | E70: =tblProducts[[#This Row],[Old Price]]-tblProducts[[#This Row],[Current Price]] -> 318 | F70: 0.45 | G70: =IF(tblProducts[[#This Row],[Discount]]="","Missing",IF(tblProducts[[#This Row],[Discount]]<20%,"Low Discount",IF(tblProducts[[#This Row],[Discount]]<=40%,"Medium Discount","High Discount"))) -> High Discount | H70: 17 | I70: 2.6 | J70: =IF(tblProducts[[#This Row],[Rating]]="","Missing",IF(tblProducts[[#This Row],[Rating]]<3,"Poor",IF(tblProducts[[#This Row],[Rating]]<=4,"Average",IF(tblProducts[[#This Row],[Rating]]<4.5, "Unclassified","Excellent")))) -> Poor
A71: Large Lazy Inflatable Sofa Chairs PVC Lounger Seat Bag | B71: 2300 | C71: 3240 | D71: =IF(tblProducts[[#This Row],[Current Price]]="","Missing",IF(tblProducts[[#This Row],[Current Price]]<Price_Q1,"Low Price",IF(tblProducts[[#This Row],[Current Price]]<Price_Q3,"Medium Price","High Price"))) -> High Price | E71: =tblProducts[[#This Row],[Old Price]]-tblProducts[[#This Row],[Current Price]] -> 940 | F71: 0.29 | G71: =IF(tblProducts[[#This Row],[Discount]]="","Missing",IF(tblProducts[[#This Row],[Discount]]<20%,"Low Discount",IF(tblProducts[[#This Row],[Discount]]<=40%,"Medium Discount","High Discount"))) -> Medium Discount | H71: 5 | I71: 3 | J71: =IF(tblProducts[[#This Row],[Rating]]="","Missing",IF(tblProducts[[#This Row],[Rating]]<3,"Poor",IF(tblProducts[[#This Row],[Rating]]<=4,"Average",IF(tblProducts[[#This Row],[Rating]]<4.5, "Unclassified","Excellent")))) -> Average
A72: Watercolour Gold Foil Textured Print Pillow Cover | B72: 345 | C72: 602 | D72: =IF(tblProducts[[#This Row],[Current Price]]="","Missing",IF(tblProducts[[#This Row],[Current Price]]<Price_Q1,"Low Price",IF(tblProducts[[#This Row],[Current Price]]<Price_Q3,"Medium Price","High Price"))) -> Low Price | E72: =tblProducts[[#This Row],[Old Price]]-tblProducts[[#This Row],[Current Price]] -> 257 | F72: 0.43 | G72: =IF(tblProducts[[#This Row],[Discount]]="","Missing",IF(tblProducts[[#This Row],[Discount]]<20%,"Low Discount",IF(tblProducts[[#This Row],[Discount]]<=40%,"Medium Discount","High Discount"))) -> High Discount | H72: 6 | I72: 2.3 | J72: =IF(tblProducts[[#This Row],[Rating]]="","Missing",IF(tblProducts[[#This Row],[Rating]]<3,"Poor",IF(tblProducts[[#This Row],[Rating]]<=4,"Average",IF(tblProducts[[#This Row],[Rating]]<4.5, "Unclassified","Excellent")))) -> Poor
... A75: Electric LED UV Mosquito Killer Lamp, Outdoor/Indoor Fly Killer Trap Light -USB | B75: 1570 | C75: 2988 | D75: =IF(tblProducts[[#This Row],[Current Price]]="","Missing",IF(tblProducts[[#This Row],[Current Price]]<Price_Q1,"Low Price",IF(tblProducts[[#This Row],[Current Price]]<Price_Q3,"Medium Price","High Price"))) -> Medium Price | E75: =tblProducts[[#This Row],[Old Price]]-tblProducts[[#This Row],[Current Price]] -> 1418 | F75: 0.47 | G75: =IF(tblProducts[[#This Row],[Discount]]="","Missing",IF(tblProducts[[#This Row],[Discount]]<20%,"Low Discount",IF(tblProducts[[#This Row],[Discount]]<=40%,"Medium Discount","High Discount"))) -> High Discount | H75: 7 | I75: 2.1 | J75: =IF(tblProducts[[#This Row],[Rating]]="","Missing",IF(tblProducts[[#This Row],[Rating]]<3,"Poor",IF(tblProducts[[#This Row],[Rating]]<=4,"Average",IF(tblProducts[[#This Row],[Rating]]<4.5, "Unclassified","Excellent")))) -> Poor
A76: 2PCS/LOT Solar LED Outdoor Intelligent Light Controlled Wall Lamp | B76: 790 | C76: 1485 | D76: =IF(tblProducts[[#This Row],[Current Price]]="","Missing",IF(tblProducts[[#This Row],[Current Price]]<Price_Q1,"Low Price",IF(tblProducts[[#This Row],[Current Price]]<Price_Q3,"Medium Price","High Price"))) -> Medium Price | E76: =tblProducts[[#This Row],[Old Price]]-tblProducts[[#This Row],[Current Price]] -> 695 | F76: 0.47 | G76: =IF(tblProducts[[#This Row],[Discount]]="","Missing",IF(tblProducts[[#This Row],[Discount]]<20%,"Low Discount",IF(tblProducts[[#This Row],[Discount]]<=40%,"Medium Discount","High Discount"))) -> High Discount | J76: =IF(tblProducts[[#This Row],[Rating]]="","Missing",IF(tblProducts[[#This Row],[Rating]]<3,"Poor",IF(tblProducts[[#This Row],[Rating]]<=4,"Average",IF(tblProducts[[#This Row],[Rating]]<4.5, "Unclassified","Excellent")))) -> Missing
A77: 3PCS Rotary Scraper Thermomix For Kitchen | B77: 690 | C77: 1200 | D77: =IF(tblProducts[[#This Row],[Current Price]]="","Missing",IF(tblProducts[[#This Row],[Current Price]]<Price_Q1,"Low Price",IF(tblProducts[[#This Row],[Current Price]]<Price_Q3,"Medium Price","High Price"))) -> Medium Price | E77: =tblProducts[[#This Row],[Old Price]]-tblProducts[[#This Row],[Current Price]] -> 510 | F77: 0.43 | G77: =IF(tblProducts[[#This Row],[Discount]]="","Missing",IF(tblProducts[[#This Row],[Discount]]<20%,"Low Discount",IF(tblProducts[[#This Row],[Discount]]<=40%,"Medium Discount","High Discount"))) -> High Discount | J77: =IF(tblProducts[[#This Row],[Rating]]="","Missing",IF(tblProducts[[#This Row],[Rating]]<3,"Poor",IF(tblProducts[[#This Row],[Rating]]<=4,"Average",IF(tblProducts[[#This Row],[Rating]]<4.5, "Unclassified","Excellent")))) -> Missing
A78: Cushion Silicone Butt Cushion Summer Ice Cushion Honeycomb Gel Cushion | B78: 1732 | C78: 1799 | D78: =IF(tblProducts[[#This Row],[Current Price]]="","Missing",IF(tblProducts[[#This Row],[Current Price]]<Price_Q1,"Low Price",IF(tblProducts[[#This Row],[Current Price]]<Price_Q3,"Medium Price","High Price"))) -> High Price | E78: =tblProducts[[#This Row],[Old Price]]-tblProducts[[#This Row],[Current Price]] -> 67 | F78: 0.04 | G78: =IF(tblProducts[[#This Row],[Discount]]="","Missing",IF(tblProducts[[#This Row],[Discount]]<20%,"Low Discount",IF(tblProducts[[#This Row],[Discount]]<=40%,"Medium Discount","High Discount"))) -> Low Discount | J78: =IF(tblProducts[[#This Row],[Rating]]="","Missing",IF(tblProducts[[#This Row],[Rating]]<3,"Poor",IF(tblProducts[[#This Row],[Rating]]<=4,"Average",IF(tblProducts[[#This Row],[Rating]]<4.5, "Unclassified","Excellent")))) -> Missing
A79: 7PCS Silicone Thumb Knife Finger Protector Vegetable Harvesting Knife | B79: 230 | C79: 450 | D79: =IF(tblProducts[[#This Row],[Current Price]]="","Missing",IF(tblProducts[[#This Row],[Current Price]]<Price_Q1,"Low Price",IF(tblProducts[[#This Row],[Current Price]]<Price_Q3,"Medium Price","High Price"))) -> Low Price | E79: =tblProducts[[#This Row],[Old Price]]-tblProducts[[#This Row],[Current Price]] -> 220 | F79: 0.49 | G79: =IF(tblProducts[[#This Row],[Discount]]="","Missing",IF(tblProducts[[#This Row],[Discount]]<20%,"Low Discount",IF(tblProducts[[#This Row],[Discount]]<=40%,"Medium Discount","High Discount"))) -> High Discount | J79: =IF(tblProducts[[#This Row],[Rating]]="","Missing",IF(tblProducts[[#This Row],[Rating]]<3,"Poor",IF(tblProducts[[#This Row],[Rating]]<=4,"Average",IF(tblProducts[[#This Row],[Rating]]<4.5, "Unclassified","Excellent")))) -> Missing
A80: Memory Foam Neck Pillow Cover, With Pillow Core - 50*30cm | B80: 1189 | C80: 2199 | D80: =IF(tblProducts[[#This Row],[Current Price]]="","Missing",IF(tblProducts[[#This Row],[Current Price]]<Price_Q1,"Low Price",IF(tblProducts[[#This Row],[Current Price]]<Price_Q3,"Medium Price","High Price"))) -> Medium Price | E80: =tblProducts[[#This Row],[Old Price]]-tblProducts[[#This Row],[Current Price]] -> 1010 | F80: 0.46 | G80: =IF(tblProducts[[#This Row],[Discount]]="","Missing",IF(tblProducts[[#This Row],[Discount]]<20%,"Low Discount",IF(tblProducts[[#This Row],[Discount]]<=40%,"Medium Discount","High Discount"))) -> High Discount | H80: 1 | I80: 3 | J80: =IF(tblProducts[[#This Row],[Rating]]="","Missing",IF(tblProducts[[#This Row],[Rating]]<3,"Poor",IF(tblProducts[[#This Row],[Rating]]<=4,"Average",IF(tblProducts[[#This Row],[Rating]]<4.5, "Unclassified","Excellent")))) -> Average
A81: Bedroom Simple Floor Hanging Clothes Rack Single Pole Hat Rack - White | B81: 979 | C81: 1920 | D81: =IF(tblProducts[[#This Row],[Current Price]]="","Missing",IF(tblProducts[[#This Row],[Current Price]]<Price_Q1,"Low Price",IF(tblProducts[[#This Row],[Current Price]]<Price_Q3,"Medium Price","High Price"))) -> Medium Price | E81: =tblProducts[[#This Row],[Old Price]]-tblProducts[[#This Row],[Current Price]] -> 941 | F81: 0.49 | G81: =IF(tblProducts[[#This Row],[Discount]]="","Missing",IF(tblProducts[[#This Row],[Discount]]<20%,"Low Discount",IF(tblProducts[[#This Row],[Discount]]<=40%,"Medium Discount","High Discount"))) -> High Discount | H81: 1 | I81: 5 | J81: =IF(tblProducts[[#This Row],[Rating]]="","Missing",IF(tblProducts[[#This Row],[Rating]]<3,"Poor",IF(tblProducts[[#This Row],[Rating]]<=4,"Average",IF(tblProducts[[#This Row],[Rating]]<4.5, "Unclassified","Excellent")))) -> Excellent
A82: 5m Waterproof Spherical LED String Lights Outdoor Ball Chain Lights Party Lighting Decoration Adjustable | B82: 1460 | C82: 2290 | D82: =IF(tblProducts[[#This Row],[Current Price]]="","Missing",IF(tblProducts[[#This Row],[Current Price]]<Price_Q1,"Low Price",IF(tblProducts[[#This Row],[Current Price]]<Price_Q3,"Medium Price","High Price"))) -> Medium Price | E82: =tblProducts[[#This Row],[Old Price]]-tblProducts[[#This Row],[Current Price]] -> 830 | F82: 0.36 | G82: =IF(tblProducts[[#This Row],[Discount]]="","Missing",IF(tblProducts[[#This Row],[Discount]]<20%,"Low Discount",IF(tblProducts[[#This Row],[Discount]]<=40%,"Medium Discount","High Discount"))) -> Medium Discount | J82: =IF(tblProducts[[#This Row],[Rating]]="","Missing",IF(tblProducts[[#This Row],[Rating]]<3,"Poor",IF(tblProducts[[#This Row],[Rating]]<=4,"Average",IF(tblProducts[[#This Row],[Rating]]<4.5, "Unclassified","Excellent")))) -> Missing
A83: 2 Pairs Cowhide Split Leather Work Gloves.32â„‰ Or Above Welding Gloves | B83: 1666 | C83: 1699 | D83: =IF(tblProducts[[#This Row],[Current Price]]="","Missing",IF(tblProducts[[#This Row],[Current Price]]<Price_Q1,"Low Price",IF(tblProducts[[#This Row],[Current Price]]<Price_Q3,"Medium Price","High Price"))) -> Medium Price | E83: =tblProducts[[#This Row],[Old Price]]-tblProducts[[#This Row],[Current Price]] -> 33 | F83: 0.02 | G83: =IF(tblProducts[[#This Row],[Discount]]="","Missing",IF(tblProducts[[#This Row],[Discount]]<20%,"Low Discount",IF(tblProducts[[#This Row],[Discount]]<=40%,"Medium Discount","High Discount"))) -> Low Discount | J83: =IF(tblProducts[[#This Row],[Rating]]="","Missing",IF(tblProducts[[#This Row],[Rating]]<3,"Poor",IF(tblProducts[[#This Row],[Rating]]<=4,"Average",IF(tblProducts[[#This Row],[Rating]]<4.5, "Unclassified","Excellent")))) -> Missing
A84: Household Pineapple Peeler Peeler | B84: 330 | C84: 647 | D84: =IF(tblProducts[[#This Row],[Current Price]]="","Missing",IF(tblProducts[[#This Row],[Current Price]]<Price_Q1,"Low Price",IF(tblProducts[[#This Row],[Current Price]]<Price_Q3,"Medium Price","High Price"))) -> Low Price | E84: =tblProducts[[#This Row],[Old Price]]-tblProducts[[#This Row],[Current Price]] -> 317 | F84: 0.49 | G84: =IF(tblProducts[[#This Row],[Discount]]="","Missing",IF(tblProducts[[#This Row],[Discount]]<20%,"Low Discount",IF(tblProducts[[#This Row],[Discount]]<=40%,"Medium Discount","High Discount"))) -> High Discount | H84: 1 | I84: 4 | J84: =IF(tblProducts[[#This Row],[Rating]]="","Missing",IF(tblProducts[[#This Row],[Rating]]<3,"Poor",IF(tblProducts[[#This Row],[Rating]]<=4,"Average",IF(tblProducts[[#This Row],[Rating]]<4.5, "Unclassified","Excellent")))) -> Average
A85: Creative Owl Shape Keychain Black | B85: 176 | C85: 345 | D85: =IF(tblProducts[[#This Row],[Current Price]]="","Missing",IF(tblProducts[[#This Row],[Current Price]]<Price_Q1,"Low Price",IF(tblProducts[[#This Row],[Current Price]]<Price_Q3,"Medium Price","High Price"))) -> Low Price | E85: =tblProducts[[#This Row],[Old Price]]-tblProducts[[#This Row],[Current Price]] -> 169 | F85: 0.49 | G85: =IF(tblProducts[[#This Row],[Discount]]="","Missing",IF(tblProducts[[#This Row],[Discount]]<20%,"Low Discount",IF(tblProducts[[#This Row],[Discount]]<=40%,"Medium Discount","High Discount"))) -> High Discount | J85: =IF(tblProducts[[#This Row],[Rating]]="","Missing",IF(tblProducts[[#This Row],[Rating]]<3,"Poor",IF(tblProducts[[#This Row],[Rating]]<=4,"Average",IF(tblProducts[[#This Row],[Rating]]<4.5, "Unclassified","Excellent")))) -> Missing
A86: Office Chair Lumbar Back Support Spine Posture Correction Pillow Car Cushion | B86: 1466 | C86: 1699 | D86: =IF(tblProducts[[#This Row],[Current Price]]="","Missing",IF(tblProducts[[#This Row],[Current Price]]<Price_Q1,"Low Price",IF(tblProducts[[#This Row],[Current Price]]<Price_Q3,"Medium Price","High Price"))) -> Medium Price | E86: =tblProducts[[#This Row],[Old Price]]-tblProducts[[#This Row],[Current Price]] -> 233 | F86: 0.14 | G86: =IF(tblProducts[[#This Row],[Discount]]="","Missing",IF(tblProducts[[#This Row],[Discount]]<20%,"Low Discount",IF(tblProducts[[#This Row],[Discount]]<=40%,"Medium Discount","High Discount"))) -> Low Discount | J86: =IF(tblProducts[[#This Row],[Rating]]="","Missing",IF(tblProducts[[#This Row],[Rating]]<3,"Poor",IF(tblProducts[[#This Row],[Rating]]<=4,"Average",IF(tblProducts[[#This Row],[Rating]]<4.5, "Unclassified","Excellent")))) -> Missing
A87: Cartoon Car Decoration Cute Individuality For Car Home Desk | B87: 274 | C87: 537 | D87: =IF(tblProducts[[#This Row],[Current Price]]="","Missing",IF(tblProducts[[#This Row],[Current Price]]<Price_Q1,"Low Price",IF(tblProducts[[#This Row],[Current Price]]<Price_Q3,"Medium Price","High Price"))) -> Low Price | E87: =tblProducts[[#This Row],[Old Price]]-tblProducts[[#This Row],[Current Price]] -> 263 | F87: 0.49 | G87: =IF(tblProducts[[#This Row],[Discount]]="","Missing",IF(tblProducts[[#This Row],[Discount]]<20%,"Low Discount",IF(tblProducts[[#This Row],[Discount]]<=40%,"Medium Discount","High Discount"))) -> High Discount | J87: =IF(tblProducts[[#This Row],[Rating]]="","Missing",IF(tblProducts[[#This Row],[Rating]]<3,"Poor",IF(tblProducts[[#This Row],[Rating]]<=4,"Average",IF(tblProducts[[#This Row],[Rating]]<4.5, "Unclassified","Excellent")))) -> Missing
A88: Outdoor Portable Water Bottle With Medicine Box - 600ML - Black | B88: 799 | C88: 900 | D88: =IF(tblProducts[[#This Row],[Current Price]]="","Missing",IF(tblProducts[[#This Row],[Current Price]]<Price_Q1,"Low Price",IF(tblProducts[[#This Row],[Current Price]]<Price_Q3,"Medium Price","High Price"))) -> Medium Price | E88: =tblProducts[[#This Row],[Old Price]]-tblProducts[[#This Row],[Current Price]] -> 101 | F88: 0.11 | G88: =IF(tblProducts[[#This Row],[Discount]]="","Missing",IF(tblProducts[[#This Row],[Discount]]<20%,"Low Discount",IF(tblProducts[[#This Row],[Discount]]<=40%,"Medium Discount","High Discount"))) -> Low Discount | J88: =IF(tblProducts[[#This Row],[Rating]]="","Missing",IF(tblProducts[[#This Row],[Rating]]<3,"Poor",IF(tblProducts[[#This Row],[Rating]]<=4,"Average",IF(tblProducts[[#This Row],[Rating]]<4.5, "Unclassified","Excellent")))) -> Missing
A89: Angle Measuring Tool Full Metal Multi Angle Measuring Tool | B89: 657 | C89: 1288 | D89: =IF(tblProducts[[#This Row],[Current Price]]="","Missing",IF(tblProducts[[#This Row],[Current Price]]<Price_Q1,"Low Price",IF(tblProducts[[#This Row],[Current Price]]<Price_Q3,"Medium Price","High Price"))) -> Medium Price | E89: =tblProducts[[#This Row],[Old Price]]-tblProducts[[#This Row],[Current Price]] -> 631 | F89: 0.49 | G89: =IF(tblProducts[[#This Row],[Discount]]="","Missing",IF(tblProducts[[#This Row],[Discount]]<20%,"Low Discount",IF(tblProducts[[#This Row],[Discount]]<=40%,"Medium Discount","High Discount"))) -> High Discount | J89: =IF(tblProducts[[#This Row],[Rating]]="","Missing",IF(tblProducts[[#This Row],[Rating]]<3,"Poor",IF(tblProducts[[#This Row],[Rating]]<=4,"Average",IF(tblProducts[[#This Row],[Rating]]<4.5, "Unclassified","Excellent")))) -> Missing
A90: Wall-Mounted Toothbrush Toothpaste Holder With Multiple Slots | B90: 1468 | C90: 1699 | D90: =IF(tblProducts[[#This Row],[Current Price]]="","Missing",IF(tblProducts[[#This Row],[Current Price]]<Price_Q1,"Low Price",IF(tblProducts[[#This Row],[Current Price]]<Price_Q3,"Medium Price","High Price"))) -> Medium Price | E90: =tblProducts[[#This Row],[Old Price]]-tblProducts[[#This Row],[Current Price]] -> 231 | F90: 0.14 | G90: =IF(tblProducts[[#This Row],[Discount]]="","Missing",IF(tblProducts[[#This Row],[Discount]]<20%,"Low Discount",IF(tblProducts[[#This Row],[Discount]]<=40%,"Medium Discount","High Discount"))) -> Low Discount | J90: =IF(tblProducts[[#This Row],[Rating]]="","Missing",IF(tblProducts[[#This Row],[Rating]]<3,"Poor",IF(tblProducts[[#This Row],[Rating]]<=4,"Average",IF(tblProducts[[#This Row],[Rating]]<4.5, "Unclassified","Excellent")))) -> Missing
A91: Multifunctional Hanging Storage Box Storage Bag (4 Layers) | B91: 630 | C91: 1100 | D91: =IF(tblProducts[[#This Row],[Current Price]]="","Missing",IF(tblProducts[[#This Row],[Current Price]]<Price_Q1,"Low Price",IF(tblProducts[[#This Row],[Current Price]]<Price_Q3,"Medium Price","High Price"))) -> Medium Price | E91: =tblProducts[[#This Row],[Old Price]]-tblProducts[[#This Row],[Current Price]] -> 470 | F91: 0.43 | G91: =IF(tblProducts[[#This Row],[Discount]]="","Missing",IF(tblProducts[[#This Row],[Discount]]<20%,"Low Discount",IF(tblProducts[[#This Row],[Discount]]<=40%,"Medium Discount","High Discount"))) -> High Discount | J91: =IF(tblProducts[[#This Row],[Rating]]="","Missing",IF(tblProducts[[#This Row],[Rating]]<3,"Poor",IF(tblProducts[[#This Row],[Rating]]<=4,"Average",IF(tblProducts[[#This Row],[Rating]]<4.5, "Unclassified","Excellent")))) -> Missing
A92: Wall Clock With Hidden Safe Box | B92: 850 | C92: 1700 | D92: =IF(tblProducts[[#This Row],[Current Price]]="","Missing",IF(tblProducts[[#This Row],[Current Price]]<Price_Q1,"Low Price",IF(tblProducts[[#This Row],[Current Price]]<Price_Q3,"Medium Price","High Price"))) -> Medium Price | E92: =tblProducts[[#This Row],[Old Price]]-tblProducts[[#This Row],[Current Price]] -> 850 | F92: 0.5 | G92: =IF(tblProducts[[#This Row],[Discount]]="","Missing",IF(tblProducts[[#This Row],[Discount]]<20%,"Low Discount",IF(tblProducts[[#This Row],[Discount]]<=40%,"Medium Discount","High Discount"))) -> High Discount | J92: =IF(tblProducts[[#This Row],[Rating]]="","Missing",IF(tblProducts[[#This Row],[Rating]]<3,"Poor",IF(tblProducts[[#This Row],[Rating]]<=4,"Average",IF(tblProducts[[#This Row],[Rating]]<4.5, "Unclassified","Excellent")))) -> Missing
A93: Portable Wine Table With Folding Round Table | B93: 1300 | C93: 2500 | D93: =IF(tblProducts[[#This Row],[Current Price]]="","Missing",IF(tblProducts[[#This Row],[Current Price]]<Price_Q1,"Low Price",IF(tblProducts[[#This Row],[Current Price]]<Price_Q3,"Medium Price","High Price"))) -> Medium Price | E93: =tblProducts[[#This Row],[Old Price]]-tblProducts[[#This Row],[Current Price]] -> 1200 | F93: 0.48 | G93: =IF(tblProducts[[#This Row],[Discount]]="","Missing",IF(tblProducts[[#This Row],[Discount]]<20%,"Low Discount",IF(tblProducts[[#This Row],[Discount]]<=40%,"Medium Discount","High Discount"))) -> High Discount | J93: =IF(tblProducts[[#This Row],[Rating]]="","Missing",IF(tblProducts[[#This Row],[Rating]]<3,"Poor",IF(tblProducts[[#This Row],[Rating]]<=4,"Average",IF(tblProducts[[#This Row],[Rating]]<4.5, "Unclassified","Excellent")))) -> Missing
A94: Sewing Machine Needle Threader Stitch Insertion Tool Automatic Quick Sewing | B94: 105 | C94: 200 | D94: =IF(tblProducts[[#This Row],[Current Price]]="","Missing",IF(tblProducts[[#This Row],[Current Price]]<Price_Q1,"Low Price",IF(tblProducts[[#This Row],[Current Price]]<Price_Q3,"Medium Price","High Price"))) -> Low Price | E94: =tblProducts[[#This Row],[Old Price]]-tblProducts[[#This Row],[Current Price]] -> 95 | F94: 0.48 | G94: =IF(tblProducts[[#This Row],[Discount]]="","Missing",IF(tblProducts[[#This Row],[Discount]]<20%,"Low Discount",IF(tblProducts[[#This Row],[Discount]]<=40%,"Medium Discount","High Discount"))) -> High Discount | J94: =IF(tblProducts[[#This Row],[Rating]]="","Missing",IF(tblProducts[[#This Row],[Rating]]<3,"Poor",IF(tblProducts[[#This Row],[Rating]]<=4,"Average",IF(tblProducts[[#This Row],[Rating]]<4.5, "Unclassified","Excellent")))) -> Missing
A95: 6 Layers Steel Pipe Assembling Dustproof Storage Shoe Cabinet | B95: 899 | C95: 1699 | D95: =IF(tblProducts[[#This Row],[Current Price]]="","Missing",IF(tblProducts[[#This Row],[Current Price]]<Price_Q1,"Low Price",IF(tblProducts[[#This Row],[Current Price]]<Price_Q3,"Medium Price","High Price"))) -> Medium Price | E95: =tblProducts[[#This Row],[Old Price]]-tblProducts[[#This Row],[Current Price]] -> 800 | F95: 0.47 | G95: =IF(tblProducts[[#This Row],[Discount]]="","Missing",IF(tblProducts[[#This Row],[Discount]]<20%,"Low Discount",IF(tblProducts[[#This Row],[Discount]]<=40%,"Medium Discount","High Discount"))) -> High Discount | J95: =IF(tblProducts[[#This Row],[Rating]]="","Missing",IF(tblProducts[[#This Row],[Rating]]<3,"Poor",IF(tblProducts[[#This Row],[Rating]]<=4,"Average",IF(tblProducts[[#This Row],[Rating]]<4.5, "Unclassified","Excellent")))) -> Missing
A96: 2PCS Ice Silk Square Cushion Cover Pillowcases - 65x65cm | B96: 1200 | C96: 2400 | D96: =IF(tblProducts[[#This Row],[Current Price]]="","Missing",IF(tblProducts[[#This Row],[Current Price]]<Price_Q1,"Low Price",IF(tblProducts[[#This Row],[Current Price]]<Price_Q3,"Medium Price","High Price"))) -> Medium Price | E96: =tblProducts[[#This Row],[Old Price]]-tblProducts[[#This Row],[Current Price]] -> 1200 | F96: 0.5 | G96: =IF(tblProducts[[#This Row],[Discount]]="","Missing",IF(tblProducts[[#This Row],[Discount]]<20%,"Low Discount",IF(tblProducts[[#This Row],[Discount]]<=40%,"Medium Discount","High Discount"))) -> High Discount | J96: =IF(tblProducts[[#This Row],[Rating]]="","Missing",IF(tblProducts[[#This Row],[Rating]]<3,"Poor",IF(tblProducts[[#This Row],[Rating]]<=4,"Average",IF(tblProducts[[#This Row],[Rating]]<4.5, "Unclassified","Excellent")))) -> Missing
... A102: 8in1 Screwdriver With LED Light | B102: 1080 | C102: 1874 | D102: =IF(tblProducts[[#This Row],[Current Price]]="","Missing",IF(tblProducts[[#This Row],[Current Price]]<Price_Q1,"Low Price",IF(tblProducts[[#This Row],[Current Price]]<Price_Q3,"Medium Price","High Price"))) -> Medium Price | E102: =tblProducts[[#This Row],[Old Price]]-tblProducts[[#This Row],[Current Price]] -> 794 | F102: 0.42 | G102: =IF(tblProducts[[#This Row],[Discount]]="","Missing",IF(tblProducts[[#This Row],[Discount]]<20%,"Low Discount",IF(tblProducts[[#This Row],[Discount]]<=40%,"Medium Discount","High Discount"))) -> High Discount | J102: =IF(tblProducts[[#This Row],[Rating]]="","Missing",IF(tblProducts[[#This Row],[Rating]]<3,"Poor",IF(tblProducts[[#This Row],[Rating]]<=4,"Average",IF(tblProducts[[#This Row],[Rating]]<4.5, "Unclassified","Excellent")))) -> Missing
A103: Konka Healty Electric Kettle, 24-hour Heat Preservation,1.5L,800W, White | B103: 3640 | C103: 4588 | D103: =IF(tblProducts[[#This Row],[Current Price]]="","Missing",IF(tblProducts[[#This Row],[Current Price]]<Price_Q1,"Low Price",IF(tblProducts[[#This Row],[Current Price]]<Price_Q3,"Medium Price","High Price"))) -> High Price | E103: =tblProducts[[#This Row],[Old Price]]-tblProducts[[#This Row],[Current Price]] -> 948 | F103: 0.21 | G103: =IF(tblProducts[[#This Row],[Discount]]="","Missing",IF(tblProducts[[#This Row],[Discount]]<20%,"Low Discount",IF(tblProducts[[#This Row],[Discount]]<=40%,"Medium Discount","High Discount"))) -> Medium Discount | H103: 1 | I103: 5 | J103: =IF(tblProducts[[#This Row],[Rating]]="","Missing",IF(tblProducts[[#This Row],[Rating]]<3,"Poor",IF(tblProducts[[#This Row],[Rating]]<=4,"Average",IF(tblProducts[[#This Row],[Rating]]<4.5, "Unclassified","Excellent")))) -> Excellent
A104: 9pcs Gas Mask, For Painting, Dust, Formaldehyde Grinding, Polishing | B104: 1420 | C104: 2420 | D104: =IF(tblProducts[[#This Row],[Current Price]]="","Missing",IF(tblProducts[[#This Row],[Current Price]]<Price_Q1,"Low Price",IF(tblProducts[[#This Row],[Current Price]]<Price_Q3,"Medium Price","High Price"))) -> Medium Price | E104: =tblProducts[[#This Row],[Old Price]]-tblProducts[[#This Row],[Current Price]] -> 1000 | F104: 0.41 | G104: =IF(tblProducts[[#This Row],[Discount]]="","Missing",IF(tblProducts[[#This Row],[Discount]]<20%,"Low Discount",IF(tblProducts[[#This Row],[Discount]]<=40%,"Medium Discount","High Discount"))) -> High Discount | J104: =IF(tblProducts[[#This Row],[Rating]]="","Missing",IF(tblProducts[[#This Row],[Rating]]<3,"Poor",IF(tblProducts[[#This Row],[Rating]]<=4,"Average",IF(tblProducts[[#This Row],[Rating]]<4.5, "Unclassified","Excellent")))) -> Missing
A105: 24 Grid Wall-mounted Sundries Organiser Fabric Closet Bag Storage Rack | B105: 1875 | C105: 1899 | D105: =IF(tblProducts[[#This Row],[Current Price]]="","Missing",IF(tblProducts[[#This Row],[Current Price]]<Price_Q1,"Low Price",IF(tblProducts[[#This Row],[Current Price]]<Price_Q3,"Medium Price","High Price"))) -> High Price | E105: =tblProducts[[#This Row],[Old Price]]-tblProducts[[#This Row],[Current Price]] -> 24 | F105: 0.01 | G105: =IF(tblProducts[[#This Row],[Discount]]="","Missing",IF(tblProducts[[#This Row],[Discount]]<20%,"Low Discount",IF(tblProducts[[#This Row],[Discount]]<=40%,"Medium Discount","High Discount"))) -> Low Discount | J105: =IF(tblProducts[[#This Row],[Rating]]="","Missing",IF(tblProducts[[#This Row],[Rating]]<3,"Poor",IF(tblProducts[[#This Row],[Rating]]<=4,"Average",IF(tblProducts[[#This Row],[Rating]]<4.5, "Unclassified","Excellent")))) -> Missing
A106: 1PC Refrigerator Food Seal Pocket Fridge Bags | B106: 198 | C106: 260 | D106: =IF(tblProducts[[#This Row],[Current Price]]="","Missing",IF(tblProducts[[#This Row],[Current Price]]<Price_Q1,"Low Price",IF(tblProducts[[#This Row],[Current Price]]<Price_Q3,"Medium Price","High Price"))) -> Low Price | E106: =tblProducts[[#This Row],[Old Price]]-tblProducts[[#This Row],[Current Price]] -> 62 | F106: 0.24 | G106: =IF(tblProducts[[#This Row],[Discount]]="","Missing",IF(tblProducts[[#This Row],[Discount]]<20%,"Low Discount",IF(tblProducts[[#This Row],[Discount]]<=40%,"Medium Discount","High Discount"))) -> Medium Discount | J106: =IF(tblProducts[[#This Row],[Rating]]="","Missing",IF(tblProducts[[#This Row],[Rating]]<3,"Poor",IF(tblProducts[[#This Row],[Rating]]<=4,"Average",IF(tblProducts[[#This Row],[Rating]]<4.5, "Unclassified","Excellent")))) -> Missing
A107: LED Solar Street Light-fake Camera | B107: 1150 | C107: 1737 | D107: =IF(tblProducts[[#This Row],[Current Price]]="","Missing",IF(tblProducts[[#This Row],[Current Price]]<Price_Q1,"Low Price",IF(tblProducts[[#This Row],[Current Price]]<Price_Q3,"Medium Price","High Price"))) -> Medium Price | E107: =tblProducts[[#This Row],[Old Price]]-tblProducts[[#This Row],[Current Price]] -> 587 | F107: 0.34 | G107: =IF(tblProducts[[#This Row],[Discount]]="","Missing",IF(tblProducts[[#This Row],[Discount]]<20%,"Low Discount",IF(tblProducts[[#This Row],[Discount]]<=40%,"Medium Discount","High Discount"))) -> Medium Discount | J107: =IF(tblProducts[[#This Row],[Rating]]="","Missing",IF(tblProducts[[#This Row],[Rating]]<3,"Poor",IF(tblProducts[[#This Row],[Rating]]<=4,"Average",IF(tblProducts[[#This Row],[Rating]]<4.5, "Unclassified","Excellent")))) -> Missing
A108: Cartoon Embroidered Mini Towel Bear Cotton Wash Cloth Hand 4pcs | B108: 1190 | C108: 1810 | D108: =IF(tblProducts[[#This Row],[Current Price]]="","Missing",IF(tblProducts[[#This Row],[Current Price]]<Price_Q1,"Low Price",IF(tblProducts[[#This Row],[Current Price]]<Price_Q3,"Medium Price","High Price"))) -> Medium Price | E108: =tblProducts[[#This Row],[Old Price]]-tblProducts[[#This Row],[Current Price]] -> 620 | F108: 0.34 | G108: =IF(tblProducts[[#This Row],[Discount]]="","Missing",IF(tblProducts[[#This Row],[Discount]]<20%,"Low Discount",IF(tblProducts[[#This Row],[Discount]]<=40%,"Medium Discount","High Discount"))) -> Medium Discount | J108: =IF(tblProducts[[#This Row],[Rating]]="","Missing",IF(tblProducts[[#This Row],[Rating]]<3,"Poor",IF(tblProducts[[#This Row],[Rating]]<=4,"Average",IF(tblProducts[[#This Row],[Rating]]<4.5, "Unclassified","Excellent")))) -> Missing
A109: Shower Nozzle Cleaning Unclogging Needle Mini Crevice Small Hole Cleaning Brush | B109: 1658 | C109: 1699 | D109: =IF(tblProducts[[#This Row],[Current Price]]="","Missing",IF(tblProducts[[#This Row],[Current Price]]<Price_Q1,"Low Price",IF(tblProducts[[#This Row],[Current Price]]<Price_Q3,"Medium Price","High Price"))) -> Medium Price | E109: =tblProducts[[#This Row],[Old Price]]-tblProducts[[#This Row],[Current Price]] -> 41 | F109: 0.02 | G109: =IF(tblProducts[[#This Row],[Discount]]="","Missing",IF(tblProducts[[#This Row],[Discount]]<20%,"Low Discount",IF(tblProducts[[#This Row],[Discount]]<=40%,"Medium Discount","High Discount"))) -> Low Discount | J109: =IF(tblProducts[[#This Row],[Rating]]="","Missing",IF(tblProducts[[#This Row],[Rating]]<3,"Poor",IF(tblProducts[[#This Row],[Rating]]<=4,"Average",IF(tblProducts[[#This Row],[Rating]]<4.5, "Unclassified","Excellent")))) -> Missing
A110: Thickening Multipurpose Non Stick Easy To Clean Heat Resistant Spoon Pad | B110: 1768 | C110: 1799 | D110: =IF(tblProducts[[#This Row],[Current Price]]="","Missing",IF(tblProducts[[#This Row],[Current Price]]<Price_Q1,"Low Price",IF(tblProducts[[#This Row],[Current Price]]<Price_Q3,"Medium Price","High Price"))) -> High Price | E110: =tblProducts[[#This Row],[Old Price]]-tblProducts[[#This Row],[Current Price]] -> 31 | F110: 0.02 | G110: =IF(tblProducts[[#This Row],[Discount]]="","Missing",IF(tblProducts[[#This Row],[Discount]]<20%,"Low Discount",IF(tblProducts[[#This Row],[Discount]]<=40%,"Medium Discount","High Discount"))) -> Low Discount | J110: =IF(tblProducts[[#This Row],[Rating]]="","Missing",IF(tblProducts[[#This Row],[Rating]]<3,"Poor",IF(tblProducts[[#This Row],[Rating]]<=4,"Average",IF(tblProducts[[#This Row],[Rating]]<4.5, "Unclassified","Excellent")))) -> Missing
A111: 6 In 1 Bottle Can Opener Multifunctional Easy Opener | B111: 199 | C111: 553 | D111: =IF(tblProducts[[#This Row],[Current Price]]="","Missing",IF(tblProducts[[#This Row],[Current Price]]<Price_Q1,"Low Price",IF(tblProducts[[#This Row],[Current Price]]<Price_Q3,"Medium Price","High Price"))) -> Low Price | E111: =tblProducts[[#This Row],[Old Price]]-tblProducts[[#This Row],[Current Price]] -> 354 | F111: 0.64 | G111: =IF(tblProducts[[#This Row],[Discount]]="","Missing",IF(tblProducts[[#This Row],[Discount]]<20%,"Low Discount",IF(tblProducts[[#This Row],[Discount]]<=40%,"Medium Discount","High Discount"))) -> High Discount | J111: =IF(tblProducts[[#This Row],[Rating]]="","Missing",IF(tblProducts[[#This Row],[Rating]]<3,"Poor",IF(tblProducts[[#This Row],[Rating]]<=4,"Average",IF(tblProducts[[#This Row],[Rating]]<4.5, "Unclassified","Excellent")))) -> Missing
A112: Wall-mounted Sticker Punch-free Plug Fixer | B112: 450 | C112: 900 | D112: =IF(tblProducts[[#This Row],[Current Price]]="","Missing",IF(tblProducts[[#This Row],[Current Price]]<Price_Q1,"Low Price",IF(tblProducts[[#This Row],[Current Price]]<Price_Q3,"Medium Price","High Price"))) -> Low Price | E112: =tblProducts[[#This Row],[Old Price]]-tblProducts[[#This Row],[Current Price]] -> 450 | F112: 0.5 | G112: =IF(tblProducts[[#This Row],[Discount]]="","Missing",IF(tblProducts[[#This Row],[Discount]]<20%,"Low Discount",IF(tblProducts[[#This Row],[Discount]]<=40%,"Medium Discount","High Discount"))) -> High Discount | H112: 1 | I112: 2 | J112: =IF(tblProducts[[#This Row],[Rating]]="","Missing",IF(tblProducts[[#This Row],[Rating]]<3,"Poor",IF(tblProducts[[#This Row],[Rating]]<=4,"Average",IF(tblProducts[[#This Row],[Rating]]<4.5, "Unclassified","Excellent")))) -> Poor
A113: Black Simple Water Cup Wine Coaster Anti Slip Absorbent | B113: 169 | C113: 320 | D113: =IF(tblProducts[[#This Row],[Current Price]]="","Missing",IF(tblProducts[[#This Row],[Current Price]]<Price_Q1,"Low Price",IF(tblProducts[[#This Row],[Current Price]]<Price_Q3,"Medium Price","High Price"))) -> Low Price | E113: =tblProducts[[#This Row],[Old Price]]-tblProducts[[#This Row],[Current Price]] -> 151 | F113: 0.47 | G113: =IF(tblProducts[[#This Row],[Discount]]="","Missing",IF(tblProducts[[#This Row],[Discount]]<20%,"Low Discount",IF(tblProducts[[#This Row],[Discount]]<=40%,"Medium Discount","High Discount"))) -> High Discount | J113: =IF(tblProducts[[#This Row],[Rating]]="","Missing",IF(tblProducts[[#This Row],[Rating]]<3,"Poor",IF(tblProducts[[#This Row],[Rating]]<=4,"Average",IF(tblProducts[[#This Row],[Rating]]<4.5, "Unclassified","Excellent")))) -> Missing

Sheet Analysis
A1: Price Category
A2: Price_Q1 | B2: =_xlfn.QUARTILE.INC(tblProducts[Current Price],1) -> 493 | D2: Item | E2: Coefficient
A3: Price_Q3 | B3: =_xlfn.QUARTILE.INC(tblProducts[Current Price],3) -> 1669.5 | D3: Discount vs Review | E3: =CORREL(tblProducts[Discount],tblProducts[Review]) -> -0.13682272
D4: Rating vs Review | E4: =CORREL(tblProducts[Rating],tblProducts[Review]) -> 0.057209035
D5: Current Price vs Rating | E5: =CORREL(tblProducts[Current Price],tblProducts[Rating]) -> 0.11009021
A7: Item | B7: Value
A8: Total Products | B8: =ROWS(tblProducts[Product]) -> 112
A9: Avearage Current Price | B9: =AVERAGE(tblProducts[Current Price]) -> 1186.8929
A10: Average Old Price | B10: =AVERAGE(tblProducts[Old Price]) -> 1811.1071
A11: Average Discount | B11: =AVERAGE(tblProducts[Discount]) -> 0.36776786
A12: Average Rating | B12: =AVERAGE(tblProducts[Rating]) -> 3.8894737
A13: Total Reviews | B13: =SUM(tblProducts[Review]) -> 723
A14: Most Expensive Price | B14: =MAX(tblProducts[Current Price]) -> 3750
A15: Least Expensive Price | B15: =MIN(tblProducts[Current Price]) -> 38
A18: Products Associated with Extremes.
A19: Max Current Price | B19: =_xlfn.XLOOKUP($B$14,tblProducts[Current Price],tblProducts[Product]) -> 32PCS Portable Cordless Drill Set With Cyclic Battery Drive -26 Variable Speed
A20: Minimum Current Price | B20: =_xlfn.XLOOKUP($B$15,tblProducts[Current Price],tblProducts[Product]) -> 3PCS Single Head Knitting Crochet Sweater Needle Set

Sheet Pivot Tables
U3: Row Labels | V3: Count of Product
B4: Row Labels | C4: Count of Product | E4: Row Labels | F4: Average of Rating | U4: Average | V4: 13
B5: High Discount | C5: 62 | E5: Low Price | F5: 3.6357143 | U5: Excellent | V5: 23
B6: Medium Discount | C6: 32 | E6: Medium Price | F6: 3.8833333 | U6: Missing | V6: 55
B7: Low Discount | C7: 18 | E7: High Price | F7: 4.0842105 | U7: Poor | V7: 12
B8: Grand Total | C8: 112 | E8: Grand Total | F8: 3.8894737 | U8: Unclassified | V8: 9
U9: Grand Total | V9: 112
B14: Row Labels | C14: Average of Rating | E14: Row Labels | F14: Sum of Review
B15: Classic Black Cat Cotton Hemp Pillow Case For Home Car | C15: 5 | E15: 120W Cordless Vacuum Cleaners Handheld Electric Vacuum Cleaner | F15: 69
B16: LASA Aluminum Folding Truck Hand Cart - 68kg Max | C16: 5 | E16: 137 Pieces Cake Decorating Tool Set Baking Supplies | F16: 55
B17: Konka Healty Electric Kettle, 24-hour Heat Preservation,1.5L,800W, White | C17: 5 | E17: Electronic Digital Display Vernier Caliper | F17: 49
B18: Anti-Skid Absorbent Insulation Coaster For Home Office | C18: 5 | E18: 3D Waterproof EVA Plastic Shower Curtain 1.8*2Mtrs | F18: 44
B19: Peacock Throw Pillow Cushion Case For Home Car | C19: 5 | E19: 100 Pcs Crochet Hook Tool Set Knitting Hook Set With Box | F19: 39
B20: Bedroom Simple Floor Hanging Clothes Rack Single Pole Hat Rack - White | C20: 5 | E20: Punch-free Great Load Bearing Bathroom Storage Rack Wall Shelf-White | F20: 36
B21: DIY File Folder, Office Drawer File Holder, Pen Holder, Desktop Storage Rack | C21: 5 | E21: 53 Pieces/Set Yarn Knitting Crochet Hooks With Bag - Pansies | F21: 32
B22: LASA FOLDING TABLE SERVING STAND | C22: 4.8 | E22: Portable Mini Cordless Car Vacuum Cleaner - Blue | F22: 24
B23: Portable Home Small Air Humidifier 3-Speed Fan - Green | C23: 4.8 | E23: 52 Pieces Cake Decorating Tool Set Gift Kit Baking Supplies | F23: 20
B24: 40cm Gold DIY Acrylic Wall Sticker Clock | C24: 4.8 | E24: 53Pcs/Set Yarn Knitting Crochet Hooks With Bag - Fortune Cat | F24: 20
B25: Grand Total | C25: 4.94 | E25: Grand Total | F25: 388
E31: Row Labels | F31: Average of Discount
B32: Row Labels | C32: Sum of Review | E32: 6 In 1 Bottle Can Opener Multifunctional Easy Opener | F32: 0.64
B33: Medium Discount | C33: 351 | E33: LASA FOLDING TABLE SERVING STAND | F33: 0.55
B34: High Discount | C34: 334 | E34: 5-PCS Stainless Steel Cooking Pot Set With Steamed Slices | F34: 0.55
B35: Low Discount | C35: 38 | E35: Creative Owl Shape Keychain Black | F35: 0.55
B36: Grand Total | C36: 723 | E36: LASA 3 Tier Bamboo Shoe Bench Storage Shelf | F36: 0.54
E37: Mythco 120COB Solar Wall Ligt With Motion Sensor And Remote Control 3 Modes | F37: 0.54
E38: Classic Black Cat Cotton Hemp Pillow Case For Home Car | F38: 0.53
E39: 3PCS Single Head Knitting Crochet Sweater Needle Set | F39: 0.53
E40: Exfoliate And Exfoliate Face Towel - Black | F40: 0.52
E41: Intelligent LED Body Sensor Wireless Lighting Night Light USB | F41: 0.52
E42: Grand Total | F42: 0.54727273
F59: Review | G59: (Multiple Items)
B60: Rating | C60: (Multiple Items) | F60: Rating | G60: (Multiple Items)
B62: Row Labels | C62: Average of Rating | D62: Sum of Discount | F62: Row Labels | G62: Average of Review | H62: Average of Rating
B63: 5-PCS Stainless Steel Cooking Pot Set With Steamed Slices | C63: 2.1 | D63: 0.55 | F63: 5-PCS Stainless Steel Cooking Pot Set With Steamed Slices | G63: 13 | H63: 2.1
B64: 380ML USB Rechargeable Portable Small Blenders And Juicers | C64: 2.3 | D64: 0.5 | F64: 380ML USB Rechargeable Portable Small Blenders And Juicers | G64: 7 | H64: 2.3
B65: Wall-mounted Sticker Punch-free Plug Fixer | C65: 2 | D65: 0.5 | F65: Electric LED UV Mosquito Killer Lamp, Outdoor/Indoor Fly Killer Trap Light -USB | G65: 7 | H65: 2.1
B66: Electric LED UV Mosquito Killer Lamp, Outdoor/Indoor Fly Killer Trap Light -USB | C66: 2.1 | D66: 0.47 | F66: 7-piece Set Of Storage Bags, Travel Storage Bags, Shoe Bags | G66: 6 | H66: 2.2
B67: 7-piece Set Of Storage Bags, Travel Storage Bags, Shoe Bags | C67: 2.2 | D67: 0.47 | F67: Watercolour Gold Foil Textured Print Pillow Cover | G67: 6 | H67: 2.3
B68: Artificial Potted Flowers Room Decorative Flowers (2 Pieces) | C68: 2.2 | D68: 0.45 | F68: Artificial Potted Flowers Room Decorative Flowers (2 Pieces) | G68: 6 | H68: 2.2
B69: Watercolour Gold Foil Textured Print Pillow Cover | C69: 2.3 | D69: 0.43 | F69: Wall-mounted Sticker Punch-free Plug Fixer | G69: 1 | H69: 2
B70: Grand Total | C70: 2.1714286 | D70: 3.37 | F70: Grand Total | G70: 6.5714286 | H70: 2.1714286
B78: Review | C78: (Multiple Items)
B80: Row Labels | C80: Average of Review | D80: Sum of Discount
B81: 380ML USB Rechargeable Portable Small Blenders And Juicers | C81: 7 | D81: 0.5
B82: 3PCS Single Head Knitting Crochet Sweater Needle Set | C82: 13 | D82: 0.53
B83: 5-PCS Stainless Steel Cooking Pot Set With Steamed Slices | C83: 13 | D83: 0.55
B84: Anti-Skid Absorbent Insulation Coaster For Home Office | C84: 2 | D84: 0.51
B85: Classic Black Cat Cotton Hemp Pillow Case For Home Car | C85: 2 | D85: 0.53
B86: Exfoliate And Exfoliate Face Towel - Black | C86: 9 | D86: 0.52
B87: Intelligent LED Body Sensor Wireless Lighting Night Light USB | C87: 15 | D87: 0.52
B88: LASA 3 Tier Bamboo Shoe Bench Storage Shelf | C88: 7 | D88: 0.54
B89: LASA FOLDING TABLE SERVING STAND | C89: 5 | D89: 0.55
B90: Mythco 120COB Solar Wall Ligt With Motion Sensor And Remote Control 3 Modes | C90: 10 | D90: 0.54
B91: Wall-mounted Sticker Punch-free Plug Fixer | C91: 1 | D91: 0.5
B92: Grand Total | C92: 7.6363636 | D92: 5.79
B96: Rating | C96: (Multiple Items)
B98: Row Labels | C98: Sum of Rating
B99: DIY File Folder, Office Drawer File Holder, Pen Holder, Desktop Storage Rack | C99: 5
B100: LASA Aluminum Folding Truck Hand Cart - 68kg Max | C100: 5
B101: Konka Healty Electric Kettle, 24-hour Heat Preservation,1.5L,800W, White | C101: 5
B102: Anti-Skid Absorbent Insulation Coaster For Home Office | C102: 5
B103: Peacock Throw Pillow Cushion Case For Home Car | C103: 5
B104: Bedroom Simple Floor Hanging Clothes Rack Single Pole Hat Rack - White | C104: 5
B105: Classic Black Cat Cotton Hemp Pillow Case For Home Car | C105: 5
B106: Artificial Potted Flowers Room Decorative Flowers (2 Pieces) | C106: 2.2
B107: 7-piece Set Of Storage Bags, Travel Storage Bags, Shoe Bags | C107: 2.2
B108: Electric LED UV Mosquito Killer Lamp, Outdoor/Indoor Fly Killer Trap Light -USB | C108: 2.1
B109: 5-PCS Stainless Steel Cooking Pot Set With Steamed Slices | C109: 2.1
B110: Wall-mounted Sticker Punch-free Plug Fixer | C110: 2
B111: Grand Total | C111: 45.6

Sheet Charts

Sheet Dashboard

Sheet Data Dictionary
A1: Data Quality Audit
A2: Number of Rows | B2: 116
A3: Number of Columns | B3: 6
A5: Issue | B5: Rows Affected | C5: Decision | D5: Reason
A6: Non-numeric Prices both Current and Old Prices | B6: {=SUMPRODUCT(--ISTEXT('Raw Data'!$B$2:$C$116))} -> 230 | C6: Convert to Number/Currency | D6: Prices are always formatted to currency, the reason might be mis-interpretation of the data format during scrapping.
A7: Discounts | B7: {=SUMPRODUCT(--ISTEXT('Raw Data'!$D$2:$D$116))} -> 0 | C7: Convert to percentages
A8: Negative Review Values | B8: =COUNTIF('Raw Data'!$E$1:$E$116, "<0") -> 57 | C8: Convert itno absolute values | D8: Convert to absolute whole numbers. Review counts can not be negative. The negative sigh is considered as a scrapping artifact.
A9: Text Type Ratings | B9: {=SUMPRODUCT(--ISTEXT('Raw Data'!$F$2:$F$116))} -> 57 | C9: Convert to Number with 1 decimal place | D9: Reviews are continous measures. The error might result from web scrapping anomalies. Replaced the out of 5 with blank, then converted to Number type.
A10: Ratings outside 0 - 5 | B10: =COUNTIF('Cleaned Data'!$I$2:$I$113,">5") + COUNTIF('Cleaned Data'!$F$2:$F$113,"<0") -> 0 | C10: All ratings are between 0 and 5
A11: Discounts ouside 0-100% | B11: =COUNTIF('Cleaned Data'!$F$2:$F$113, ">100") + COUNTIF('Cleaned Data'!$F$2:$F$113,"<0") -> 0 | C11: All discounts are between 0 - 100%
A12: Price Ranges | B12: =COUNTIF('Cleaned Data'!$B$2:$C$113,"*") -> 0 | C12: Converted them to currency | D12: Prices are always formatted to currency, the reason might be mis-interpretation of the data format during scrapping. Calculated the midpoint price and used it instead. That is price =( Lower Price + Higher)/2
A13: Duplicates and Field used to identify duplicates. | B13: 3 | C13: Removed them, Used all fields | D13: Duplicates can result from errors while scrapping and wrangling data. Since we will be dealing with each product there is no need to have duplicates. They will increase redundancy leading to inaccuracy.
A14: Current Prices greater than old prices | B14: {=SUMPRODUCT(--(tblProducts[Current Price]>tblProducts[Old Price]))} -> 0 | C14: All current prices are less than old prices.
A15: Mispelt Titles | B15: 1 | C15: Corrected the spelling of the title from Ratingd to Rating | D15: Corrected the spelling of the word by selecting the cell and typing in the new word with the correct spelling.
A16: Trailing White Spaces and extra spaces | B16: All Rows in column 1 | C16: Remove the trailling and expra spaces | D16: Used the TRIM() function to clean and remove extra and whiter spaces before and after text in all columns and rows for consistency and easy loading of data.
A17: Price_Q1 | B17: 493 | C17: 1st Quartile for current prices | D17: Used to show to customers products that have are from the low price category.
A18: Price_Q3 | B18: 1669.5 | C18: 3rd Quartile for current prices. | D18: Used to show to customers products that have are from the high price category.
A19: Mismatching header cases | B19: 2 | C19: Formatted the header to proper case | D19: For consistency avoid errors changed the "old price" and "Current price" to proper case.
